id,label
20800,0.4979458
20801,0.504024
20802,0.500963
20803,0.49794266
20804,0.50404036
20805,0.50208646
20806,0.49850607
20807,0.5043234
20808,0.50040483
20809,0.5085411
20810,0.50110155
20811,0.5030831
20812,0.5020947
20813,0.5018887
20814,0.49825245
20815,0.4995295
20816,0.4960256
20817,0.50347483
20818,0.50113934
20819,0.4993451
20820,0.50231767
20821,0.50071675
20822,0.5085411
20823,0.5062724
20824,0.5026053
20825,0.5018158
20826,0.503443
20827,0.49638003
20828,0.4973942
20829,0.50959456
20830,0.5014752
20831,0.49961478
20832,0.4991575
20833,0.49848694
20834,0.5004676
20835,0.49971038
20836,0.49699384
20837,0.5013382
20838,0.5067959
20839,0.5002023
20840,0.49895504
20841,0.50009096
20842,0.5085411
20843,0.4984515
20844,0.49714312
20845,0.5085411
20846,0.49918962
20847,0.4994991
20848,0.5085411
20849,0.5019239
20850,0.50106055
20851,0.50384986
20852,0.49794438
20853,0.5018591
20854,0.50403255
20855,0.49813184
20856,0.49865004
20857,0.4974076
20858,0.4988121
20859,0.4975982
20860,0.502478
20861,0.50446
20862,0.50342476
20863,0.49850637
20864,0.4997945
20865,0.5030776
20866,0.50406945
20867,0.49665168
20868,0.5023335
20869,0.49794102
20870,0.50126517
20871,0.49595714
20872,0.50491637
20873,0.49903595
20874,0.49982685
20875,0.5016614
20876,0.4994677
20877,0.4987092
20878,0.506779
20879,0.5000755
20880,0.49936208
20881,0.5020188
20882,0.50493413
20883,0.5022738
20884,0.50075036
20885,0.5053583
20886,0.49983
20887,0.4974175
20888,0.50229317
20889,0.4986657
20890,0.5037181
20891,0.4982042
20892,0.49785423
20893,0.50581974
20894,0.5038557
20895,0.49894947
20896,0.4982889
20897,0.49973527
20898,0.5015011
20899,0.50695676
20900,0.5012091
20901,0.49870482
20902,0.49855462
20903,0.4999165
20904,0.49854785
20905,0.4987902
20906,0.49973997
20907,0.5008379
20908,0.50273913
20909,0.50484115
20910,0.5003151
20911,0.50236493
20912,0.5006976
20913,0.49899897
20914,0.49753633
20915,0.49796116
20916,0.49933854
20917,0.49621126
20918,0.50438184
20919,0.5010932
20920,0.49851906
20921,0.500616
20922,0.49656162
20923,0.5003843
20924,0.50182915
20925,0.5085411
20926,0.5031637
20927,0.5006128
20928,0.50743395
20929,0.5003197
20930,0.50398815
20931,0.49885404
20932,0.5016855
20933,0.49964643
20934,0.4986348
20935,0.498513
20936,0.49940592
20937,0.500941
20938,0.50176734
20939,0.5005564
20940,0.5046046
20941,0.5006131
20942,0.5045371
20943,0.5035645
20944,0.5010844
20945,0.4998066
20946,0.50356305
20947,0.5025497
20948,0.49951053
20949,0.50130826
20950,0.501853
20951,0.5027087
20952,0.49788788
20953,0.5024067
20954,0.49975407
20955,0.5028328
20956,0.5066074
20957,0.50600576
20958,0.49816734
20959,0.50292885
20960,0.49924216
20961,0.50521797
20962,0.50196654
20963,0.5005948
20964,0.49737167
20965,0.50259227
20966,0.499522
20967,0.5042935
20968,0.5085411
20969,0.50154656
20970,0.5010431
20971,0.4979264
20972,0.5011278
20973,0.5067468
20974,0.49768665
20975,0.5035245
20976,0.4996174
20977,0.50116384
20978,0.49869296
20979,0.49906692
20980,0.49861482
20981,0.49882564
20982,0.49904096
20983,0.5021762
20984,0.4980566
20985,0.5075006
20986,0.4951035
20987,0.49789083
20988,0.49951512
20989,0.5072106
20990,0.5063263
20991,0.500722
20992,0.49826974
20993,0.50343406
20994,0.4994859
20995,0.500651
20996,0.4980391
20997,0.5073218
20998,0.5043211
20999,0.50119865
21000,0.49853694
21001,0.5085411
21002,0.49767932
21003,0.49894366
21004,0.5085411
21005,0.49785382
21006,0.4997342
21007,0.5013428
21008,0.4969426
21009,0.5069616
21010,0.5003028
21011,0.5002026
21012,0.5002953
21013,0.49831086
21014,0.504539
21015,0.5051733
21016,0.4997283
21017,0.49821183
21018,0.50057966
21019,0.5050177
21020,0.49950522
21021,0.50353676
21022,0.50082827
21023,0.49987295
21024,0.4974764
21025,0.5090156
21026,0.5040266
21027,0.5023953
21028,0.50033003
21029,0.50061786
21030,0.49793977
21031,0.497147
21032,0.5047848
21033,0.50019914
21034,0.4975917
21035,0.49619904
21036,0.5045926
21037,0.50206375
21038,0.499995
21039,0.50153846
21040,0.50293386
21041,0.50049496
21042,0.5004766
21043,0.50426185
21044,0.50378877
21045,0.5047286
21046,0.499187
21047,0.5062853
21048,0.5026334
21049,0.5085411
21050,0.50010127
21051,0.49996042
21052,0.50113714
21053,0.5005123
21054,0.5025122
21055,0.49848446
21056,0.5020857
21057,0.50389624
21058,0.50504017
21059,0.50959456
21060,0.4984239
21061,0.5040339
21062,0.4996149
21063,0.50046706
21064,0.5016734
21065,0.5004837
21066,0.49771866
21067,0.5025537
21068,0.49611324
21069,0.49486256
21070,0.4978885
21071,0.49893048
21072,0.50506943
21073,0.50249106
21074,0.49807826
21075,0.49851212
21076,0.49818215
21077,0.49876785
21078,0.5008348
21079,0.50765157
21080,0.5026341
21081,0.4988981
21082,0.5008735
21083,0.5027424
21084,0.5016804
21085,0.4978465
21086,0.49907658
21087,0.50811064
21088,0.50301063
21089,0.49872985
21090,0.49868986
21091,0.50444067
21092,0.4983362
21093,0.50959456
21094,0.5007539
21095,0.505477
21096,0.49908164
21097,0.5014486
21098,0.49983943
21099,0.4994521
21100,0.49810523
21101,0.4994143
21102,0.5026926
21103,0.5026443
21104,0.5085411
21105,0.5019309
21106,0.49912274
21107,0.50317305
21108,0.50085104
21109,0.49852344
21110,0.4975988
21111,0.5045883
21112,0.5013198
21113,0.49775162
21114,0.49966845
21115,0.5067471
21116,0.49868217
21117,0.5020745
21118,0.4978631
21119,0.5017455
21120,0.49787107
21121,0.49822107
21122,0.49717966
21123,0.50155777
21124,0.5013936
21125,0.49947402
21126,0.5085411
21127,0.49786878
21128,0.49940836
21129,0.5019001
21130,0.504853
21131,0.50278527
21132,0.5085411
21133,0.49876222
21134,0.4996593
21135,0.50100875
21136,0.4962989
21137,0.49989763
21138,0.49917203
21139,0.50400573
21140,0.49936554
21141,0.5001656
21142,0.50798976
21143,0.5003702
21144,0.5018808
21145,0.4995495
21146,0.5015907
21147,0.5014027
21148,0.5046167
21149,0.50210273
21150,0.49977106
21151,0.5009829
21152,0.5052134
21153,0.5055176
21154,0.49883613
21155,0.5014134
21156,0.50444764
21157,0.5032123
21158,0.5021441
21159,0.50012857
21160,0.5089956
21161,0.49935067
21162,0.50115883
21163,0.5036213
21164,0.50371253
21165,0.50076115
21166,0.50052166
21167,0.49907428
21168,0.4994941
21169,0.50129896
21170,0.4990168
21171,0.5029349
21172,0.49823043
21173,0.5012645
21174,0.5045347
21175,0.49644458
21176,0.4981579
21177,0.49739113
21178,0.49920103
21179,0.5000984
21180,0.5010036
21181,0.5063886
21182,0.49781075
21183,0.49826854
21184,0.50125086
21185,0.49960288
21186,0.50147724
21187,0.50289536
21188,0.49777105
21189,0.498171
21190,0.5024152
21191,0.5037429
21192,0.5003052
21193,0.50219244
21194,0.50000083
21195,0.500601
21196,0.5021914
21197,0.4987398
21198,0.49795964
21199,0.500424
21200,0.50083935
21201,0.50096965
21202,0.49745882
21203,0.5014694
21204,0.5037209
21205,0.49877706
21206,0.49814996
21207,0.5026012
21208,0.49849975
21209,0.5014481
21210,0.50301164
21211,0.49943393
21212,0.497433
21213,0.50057465
21214,0.50175506
21215,0.49798495
21216,0.49932536
21217,0.49989292
21218,0.49792203
21219,0.5066362
21220,0.4991415
21221,0.49693236
21222,0.50625247
21223,0.49906808
21224,0.50186616
21225,0.500984
21226,0.49869817
21227,0.5005639
21228,0.49926093
21229,0.49934712
21230,0.4978048
21231,0.5074678
21232,0.4991578
21233,0.5021815
21234,0.49910277
21235,0.49913794
21236,0.4998919
21237,0.5024765
21238,0.50035965
21239,0.5014158
21240,0.4986255
21241,0.5002758
21242,0.5030079
21243,0.501549
21244,0.49938118
21245,0.5027122
21246,0.50287515
21247,0.50334674
21248,0.494707
21249,0.50063103
21250,0.502422
21251,0.50193673
21252,0.5022425
21253,0.5029869
21254,0.4980335
21255,0.5022454
21256,0.49736348
21257,0.50412357
21258,0.50247705
21259,0.50050706
21260,0.5013935
21261,0.49913236
21262,0.5009424
21263,0.49856505
21264,0.49830395
21265,0.4992494
21266,0.5040964
21267,0.4991523
21268,0.49905312
21269,0.50335604
21270,0.5009839
21271,0.49674764
21272,0.49886847
21273,0.49993598
21274,0.50307864
21275,0.4986703
21276,0.5015308
21277,0.49831086
21278,0.49923405
21279,0.5007885
21280,0.4984618
21281,0.5029811
21282,0.50341177
21283,0.49882427
21284,0.49914026
21285,0.49883324
21286,0.50096905
21287,0.49864754
21288,0.49767986
21289,0.49938753
21290,0.4991133
21291,0.5006677
21292,0.49777868
21293,0.5033275
21294,0.501338
21295,0.4964938
21296,0.5006887
21297,0.5009091
21298,0.50157833
21299,0.49621344
21300,0.5020941
21301,0.4988982
21302,0.49921468
21303,0.5064437
21304,0.50099266
21305,0.50395775
21306,0.50020534
21307,0.49946544
21308,0.5009606
21309,0.50600815
21310,0.50158036
21311,0.5030935
21312,0.50378436
21313,0.5002534
21314,0.49590054
21315,0.50260437
21316,0.49912974
21317,0.4995552
21318,0.49973157
21319,0.49727926
21320,0.5002311
21321,0.5008529
21322,0.5039144
21323,0.49822426
21324,0.49936637
21325,0.49711213
21326,0.49743274
21327,0.5007028
21328,0.5016956
21329,0.5023582
21330,0.5085411
21331,0.5036055
21332,0.4991212
21333,0.5069515
21334,0.5021617
21335,0.50168854
21336,0.50365865
21337,0.5013191
21338,0.5019069
21339,0.49802643
21340,0.50606906
21341,0.50337845
21342,0.5023579
21343,0.4981835
21344,0.5011031
21345,0.5055406
21346,0.49888355
21347,0.49927554
21348,0.50681543
21349,0.5007961
21350,0.499243
21351,0.49943617
21352,0.4971743
21353,0.5029964
21354,0.5011856
21355,0.5034576
21356,0.50507665
21357,0.5010475
21358,0.4992469
21359,0.5060935
21360,0.49899423
21361,0.49790245
21362,0.50300115
21363,0.49843505
21364,0.49980423
21365,0.49995255
21366,0.5062182
21367,0.50189435
21368,0.50144064
21369,0.4994947
21370,0.50117373
21371,0.49829328
21372,0.49980554
21373,0.49841484
21374,0.49772426
21375,0.49859676
21376,0.50001675
21377,0.5002067
21378,0.5005521
21379,0.49727997
21380,0.49988857
21381,0.49698284
21382,0.5047944
21383,0.5085411
21384,0.49886128
21385,0.5023169
21386,0.49988845
21387,0.5085411
21388,0.4997739
21389,0.5021097
21390,0.5056678
21391,0.5008818
21392,0.4991542
21393,0.49938396
21394,0.4991459
21395,0.49952635
21396,0.49770448
21397,0.50291115
21398,0.501546
21399,0.50032765
21400,0.5055904
21401,0.504424
21402,0.50051993
21403,0.50214314
21404,0.5016101
21405,0.50114083
21406,0.49977764
21407,0.5032475
21408,0.4975308
21409,0.50069046
21410,0.50311786
21411,0.507514
21412,0.5000035
21413,0.4993813
21414,0.49829197
21415,0.501864
21416,0.50388724
21417,0.5012479
21418,0.4984215
21419,0.4973257
21420,0.49987504
21421,0.49909642
21422,0.50009036
21423,0.49844682
21424,0.4981923
21425,0.5024987
21426,0.50053126
21427,0.49929532
21428,0.50206757
21429,0.49900278
21430,0.50547904
21431,0.5003615
21432,0.4955735
21433,0.50174564
21434,0.49953493
21435,0.5038938
21436,0.50332254
21437,0.5072547
21438,0.49919212
21439,0.5019299
21440,0.49902093
21441,0.50408435
21442,0.5032253
21443,0.5022836
21444,0.5004343
21445,0.50367886
21446,0.5085411
21447,0.49836186
21448,0.5035562
21449,0.49995905
21450,0.50108886
21451,0.5022045
21452,0.50025
21453,0.5003225
21454,0.5003464
21455,0.5064309
21456,0.49831513
21457,0.50481075
21458,0.49828205
21459,0.4990067
21460,0.5028453
21461,0.5022334
21462,0.50259006
21463,0.50373095
21464,0.49940526
21465,0.4993458
21466,0.497145
21467,0.49982125
21468,0.50199366
21469,0.4966698
21470,0.49970227
21471,0.5031779
21472,0.50028527
21473,0.500124
21474,0.4981726
21475,0.49472484
21476,0.50440246
21477,0.50252897
21478,0.49855354
21479,0.5085411
21480,0.49554893
21481,0.49932963
21482,0.49625194
21483,0.49990287
21484,0.500884
21485,0.50428706
21486,0.499039
21487,0.5003149
21488,0.50385964
21489,0.50182277
21490,0.49885097
21491,0.49964887
21492,0.49878773
21493,0.5022728
21494,0.49748263
21495,0.50398934
21496,0.50490487
21497,0.49997854
21498,0.5008957
21499,0.4966229
21500,0.50096977
21501,0.5008727
21502,0.49757954
21503,0.4997922
21504,0.5014394
21505,0.50471234
21506,0.4999833
21507,0.4990111
21508,0.49949577
21509,0.5000715
21510,0.4988142
21511,0.5085411
21512,0.49932286
21513,0.5017082
21514,0.5004856
21515,0.49841687
21516,0.50630504
21517,0.49783847
21518,0.497726
21519,0.5018468
21520,0.5004489
21521,0.5001635
21522,0.5006926
21523,0.50707525
21524,0.5016231
21525,0.49829376
21526,0.49499318
21527,0.4984813
21528,0.5009185
21529,0.49949142
21530,0.49971923
21531,0.50095063
21532,0.49761862
21533,0.500454
21534,0.497665
21535,0.49993008
21536,0.5005473
21537,0.4972653
21538,0.501751
21539,0.50076944
21540,0.50061077
21541,0.49465075
21542,0.49822912
21543,0.49794272
21544,0.50282884
21545,0.49879828
21546,0.50004077
21547,0.5009167
21548,0.4972936
21549,0.4952735
21550,0.5067999
21551,0.5085411
21552,0.5039313
21553,0.5014832
21554,0.5005337
21555,0.50764257
21556,0.50276166
21557,0.5040058
21558,0.5040126
21559,0.5017806
21560,0.4988365
21561,0.50106275
21562,0.50009984
21563,0.49817455
21564,0.50201327
21565,0.49751037
21566,0.49805868
21567,0.50144666
21568,0.500422
21569,0.5006835
21570,0.501586
21571,0.50588197
21572,0.49652606
21573,0.50227344
21574,0.49877527
21575,0.49891958
21576,0.49806842
21577,0.49934492
21578,0.50081444
21579,0.5000854
21580,0.50083053
21581,0.50959456
21582,0.49668285
21583,0.5015543
21584,0.50253695
21585,0.5045668
21586,0.5074245
21587,0.4983494
21588,0.5030178
21589,0.49950802
21590,0.49700257
21591,0.49896893
21592,0.50828135
21593,0.5034133
21594,0.5006656
21595,0.49887162
21596,0.4994444
21597,0.50432533
21598,0.49643084
21599,0.504332
21600,0.49916777
21601,0.50057685
21602,0.50659776
21603,0.50479144
21604,0.4985824
21605,0.49845034
21606,0.49903852
21607,0.5034156
21608,0.5012398
21609,0.5038557
21610,0.5007862
21611,0.5094597
21612,0.50035954
21613,0.4997704
21614,0.49951583
21615,0.50060016
21616,0.49997282
21617,0.49938402
21618,0.50686777
21619,0.49770507
21620,0.49825233
21621,0.50473654
21622,0.4993357
21623,0.5046192
21624,0.499844
21625,0.49886456
21626,0.50917476
21627,0.50112766
21628,0.50400937
21629,0.50077796
21630,0.4972201
21631,0.5024647
21632,0.50200975
21633,0.5006303
21634,0.50108325
21635,0.5026789
21636,0.49943718
21637,0.5019983
21638,0.5021552
21639,0.50201327
21640,0.500211
21641,0.4987518
21642,0.5006498
21643,0.4992323
21644,0.5005982
21645,0.5001188
21646,0.50037444
21647,0.50125784
21648,0.5033706
21649,0.50261235
21650,0.50213206
21651,0.50523823
21652,0.49986258
21653,0.50080204
21654,0.5085411
21655,0.50488424
21656,0.5004573
21657,0.503643
21658,0.5008394
21659,0.4956542
21660,0.49883696
21661,0.50033236
21662,0.49982935
21663,0.5062791
21664,0.49717876
21665,0.5044297
21666,0.49799812
21667,0.500801
21668,0.50704235
21669,0.49712142
21670,0.5010035
21671,0.5002205
21672,0.49798098
21673,0.49977872
21674,0.5015047
21675,0.49603185
21676,0.49921456
21677,0.50395024
21678,0.5007975
21679,0.5005741
21680,0.5025622
21681,0.5041346
21682,0.50119424
21683,0.5000917
21684,0.50350577
21685,0.50266504
21686,0.5013955
21687,0.50426626
21688,0.500216
21689,0.50343746
21690,0.5093752
21691,0.50114393
21692,0.5021724
21693,0.5006752
21694,0.50031775
21695,0.49784166
21696,0.50075483
21697,0.4973119
21698,0.49827856
21699,0.5074282
21700,0.5052244
21701,0.4965331
21702,0.50005805
21703,0.499156
21704,0.49900985
21705,0.502688
21706,0.49825504
21707,0.49942464
21708,0.5063865
21709,0.4998813
21710,0.49788183
21711,0.50309944
21712,0.5076567
21713,0.50492036
21714,0.50334877
21715,0.4993747
21716,0.5003062
21717,0.49762678
21718,0.5023651
21719,0.4973716
21720,0.49932602
21721,0.50404423
21722,0.502564
21723,0.5056958
21724,0.50119424
21725,0.50617796
21726,0.5061476
21727,0.50012594
21728,0.49860817
21729,0.50343066
21730,0.50128317
21731,0.5006988
21732,0.5025189
21733,0.50276124
21734,0.49747744
21735,0.5044947
21736,0.49771193
21737,0.49927458
21738,0.50219095
21739,0.49664864
21740,0.5051919
21741,0.5016199
21742,0.50959456
21743,0.49910432
21744,0.50800055
21745,0.49809954
21746,0.50959456
21747,0.5021999
21748,0.50297946
21749,0.5085411
21750,0.503457
21751,0.49902913
21752,0.49823198
21753,0.49952903
21754,0.49365857
21755,0.49975944
21756,0.50304645
21757,0.50570995
21758,0.50328565
21759,0.49975705
21760,0.5045516
21761,0.49985328
21762,0.5085411
21763,0.49926758
21764,0.49866188
21765,0.50312996
21766,0.49847776
21767,0.50284374
21768,0.50024545
21769,0.50417316
21770,0.5002144
21771,0.4984947
21772,0.49834883
21773,0.50082695
21774,0.5003032
21775,0.5008532
21776,0.49941418
21777,0.4977905
21778,0.4996655
21779,0.4986373
21780,0.49745408
21781,0.4988487
21782,0.5079479
21783,0.50208294
21784,0.5014305
21785,0.49864683
21786,0.49669167
21787,0.5007438
21788,0.49807742
21789,0.50370324
21790,0.50205904
21791,0.49778518
21792,0.5021856
21793,0.49935174
21794,0.5045029
21795,0.49983782
21796,0.5031226
21797,0.49630865
21798,0.5067991
21799,0.5007099
21800,0.49975246
21801,0.50078523
21802,0.5022892
21803,0.50448316
21804,0.49937648
21805,0.4991136
21806,0.5051584
21807,0.50194037
21808,0.5063739
21809,0.5085411
21810,0.4990393
21811,0.5085411
21812,0.50003797
21813,0.49850234
21814,0.49939486
21815,0.49658313
21816,0.50272447
21817,0.5030249
21818,0.50541556
21819,0.5008352
21820,0.49901074
21821,0.50201327
21822,0.49979624
21823,0.4981541
21824,0.50164527
21825,0.49915576
21826,0.50643754
21827,0.5055183
21828,0.5064924
21829,0.5085411
21830,0.5024816
21831,0.5022367
21832,0.5002125
21833,0.50187445
21834,0.50959456
21835,0.50057346
21836,0.4960118
21837,0.4965534
21838,0.49980018
21839,0.5012936
21840,0.5038358
21841,0.50261074
21842,0.4985379
21843,0.506974
21844,0.49842185
21845,0.50082964
21846,0.4985101
21847,0.4995486
21848,0.50409746
21849,0.5038388
21850,0.50378495
21851,0.5021815
21852,0.4994294
21853,0.5032206
21854,0.50255394
21855,0.50256056
21856,0.49660012
21857,0.5081596
21858,0.50177103
21859,0.4998878
21860,0.4964548
21861,0.50192314
21862,0.5034051
21863,0.5056157
21864,0.4987252
21865,0.5045751
21866,0.50179666
21867,0.49946156
21868,0.503712
21869,0.4986069
21870,0.4981932
21871,0.49852023
21872,0.5014964
21873,0.5055881
21874,0.5016051
21875,0.5085411
21876,0.49475905
21877,0.49785772
21878,0.49886402
21879,0.5032615
21880,0.50032395
21881,0.50137526
21882,0.5040456
21883,0.49984294
21884,0.4972124
21885,0.49834806
21886,0.499876
21887,0.50190914
21888,0.5024436
21889,0.4976106
21890,0.49862894
21891,0.4990725
21892,0.49705622
21893,0.49814284
21894,0.49920505
21895,0.50389075
21896,0.49630013
21897,0.49770424
21898,0.50041664
21899,0.5089143
21900,0.4978532
21901,0.50396866
21902,0.50062466
21903,0.50014067
21904,0.49694362
21905,0.5043388
21906,0.5020297
21907,0.5052814
21908,0.5034003
21909,0.4983756
21910,0.50229007
21911,0.502436
21912,0.49950132
21913,0.49902678
21914,0.49987748
21915,0.49970406
21916,0.5006173
21917,0.49877492
21918,0.49904186
21919,0.49766314
21920,0.49887943
21921,0.50262344
21922,0.49779662
21923,0.50009495
21924,0.4980806
21925,0.4971476
21926,0.49810866
21927,0.50194013
21928,0.5021106
21929,0.50584984
21930,0.49866343
21931,0.50122935
21932,0.49977764
21933,0.50123835
21934,0.5018754
21935,0.50278604
21936,0.50291854
21937,0.50035435
21938,0.49961835
21939,0.50068504
21940,0.5004117
21941,0.49651352
21942,0.49729514
21943,0.5025066
21944,0.50051814
21945,0.49679804
21946,0.5058904
21947,0.510116
21948,0.4984524
21949,0.5009974
21950,0.5055909
21951,0.5089956
21952,0.49910516
21953,0.49902105
21954,0.5004717
21955,0.50573474
21956,0.49815467
21957,0.5059202
21958,0.50014234
21959,0.4977947
21960,0.50355864
21961,0.49864587
21962,0.49970156
21963,0.4994213
21964,0.504663
21965,0.50029033
21966,0.500443
21967,0.5001555
21968,0.50420606
21969,0.49957716
21970,0.4984861
21971,0.50510365
21972,0.4988022
21973,0.49877366
21974,0.50286996
21975,0.49641845
21976,0.5037194
21977,0.49806264
21978,0.5012218
21979,0.4988309
21980,0.50309086
21981,0.50218457
21982,0.499291
21983,0.49738353
21984,0.5042594
21985,0.5077644
21986,0.5042062
21987,0.5001662
21988,0.49733377
21989,0.5017683
21990,0.501635
21991,0.49801874
21992,0.49663922
21993,0.5085411
21994,0.5034854
21995,0.503451
21996,0.49733764
21997,0.5016059
21998,0.49919224
21999,0.49964535
22000,0.5003257
22001,0.50504315
22002,0.5028622
22003,0.49982542
22004,0.49854323
22005,0.5035694
22006,0.50347304
22007,0.49756065
22008,0.4975982
22009,0.5048665
22010,0.4976615
22011,0.5006375
22012,0.50425434
22013,0.49679628
22014,0.4994689
22015,0.49638397
22016,0.49913877
22017,0.49992776
22018,0.49913225
22019,0.5010175
22020,0.50075465
22021,0.50367224
22022,0.49909732
22023,0.4975433
22024,0.50302964
22025,0.49814463
22026,0.5085411
22027,0.50959456
22028,0.5012127
22029,0.5009724
22030,0.49727702
22031,0.50822836
22032,0.49783325
22033,0.5085411
22034,0.5043523
22035,0.5002937
22036,0.4970432
22037,0.49936083
22038,0.5039748
22039,0.4972051
22040,0.50090796
22041,0.50240225
22042,0.497313
22043,0.50313413
22044,0.49920768
22045,0.5009143
22046,0.50195754
22047,0.4976854
22048,0.49894544
22049,0.5037749
22050,0.5017715
22051,0.4969738
22052,0.49890593
22053,0.5018931
22054,0.50392014
22055,0.50413984
22056,0.5008161
22057,0.50121856
22058,0.50059974
22059,0.50072813
22060,0.49833265
22061,0.50315505
22062,0.50741327
22063,0.49533856
22064,0.50043523
22065,0.4995479
22066,0.5029499
22067,0.4995667
22068,0.50129414
22069,0.5059416
22070,0.50473535
22071,0.5041663
22072,0.49916598
22073,0.5000316
22074,0.49943358
22075,0.49724153
22076,0.49779865
22077,0.49848405
22078,0.49791625
22079,0.4995473
22080,0.49614257
22081,0.50440496
22082,0.5008238
22083,0.4982695
22084,0.49745077
22085,0.5101105
22086,0.5000549
22087,0.5106898
22088,0.49897298
22089,0.50284904
22090,0.5085411
22091,0.49970734
22092,0.49835747
22093,0.49706405
22094,0.5029317
22095,0.501085
22096,0.5026646
22097,0.49814937
22098,0.49845093
22099,0.49809033
22100,0.4994079
22101,0.4986089
22102,0.5085411
22103,0.50045365
22104,0.5021057
22105,0.5000902
22106,0.49830288
22107,0.50044036
22108,0.50029206
22109,0.4995925
22110,0.50457686
22111,0.49983317
22112,0.49684688
22113,0.5018439
22114,0.5005923
22115,0.50256765
22116,0.49789295
22117,0.49785998
22118,0.49959788
22119,0.49895114
22120,0.5070096
22121,0.50515014
22122,0.50201327
22123,0.5011313
22124,0.49937242
22125,0.4996069
22126,0.5022583
22127,0.5044054
22128,0.5033251
22129,0.4980314
22130,0.5003916
22131,0.4990071
22132,0.5000328
22133,0.5027085
22134,0.499551
22135,0.5000555
22136,0.49972525
22137,0.5042914
22138,0.49912658
22139,0.5007945
22140,0.4981251
22141,0.50049037
22142,0.5001495
22143,0.49879217
22144,0.5085411
22145,0.49925017
22146,0.50762576
22147,0.49962547
22148,0.50014776
22149,0.500279
22150,0.49828643
22151,0.49636012
22152,0.5036599
22153,0.5041183
22154,0.5008909
22155,0.49919638
22156,0.49865845
22157,0.50417954
22158,0.49695775
22159,0.5039611
22160,0.5015916
22161,0.503002
22162,0.49914655
22163,0.49922734
22164,0.49873197
22165,0.49984932
22166,0.50467485
22167,0.5004509
22168,0.501159
22169,0.50388503
22170,0.49900812
22171,0.49941108
22172,0.50739646
22173,0.49793735
22174,0.4959833
22175,0.49960607
22176,0.49668497
22177,0.49968204
22178,0.49824795
22179,0.5014001
22180,0.5012236
22181,0.49419174
22182,0.49807173
22183,0.49753866
22184,0.5041497
22185,0.5017041
22186,0.50054103
22187,0.4969146
22188,0.49835262
22189,0.5006996
22190,0.50084454
22191,0.5003388
22192,0.501292
22193,0.5047815
22194,0.49783215
22195,0.50099087
22196,0.49780396
22197,0.50393265
22198,0.5085411
22199,0.50157964
22200,0.4989379
22201,0.49862087
22202,0.49932653
22203,0.4994137
22204,0.50058144
22205,0.49960396
22206,0.5003432
22207,0.5018743
22208,0.5039443
22209,0.50066006
22210,0.49982578
22211,0.49958026
22212,0.5070342
22213,0.5047111
22214,0.5053583
22215,0.49789548
22216,0.5048758
22217,0.50381374
22218,0.5006995
22219,0.50437844
22220,0.50085896
22221,0.49934438
22222,0.5028844
22223,0.5016815
22224,0.49957454
22225,0.50959456
22226,0.49788845
22227,0.49790454
22228,0.49801213
22229,0.50016445
22230,0.5085411
22231,0.49998987
22232,0.4981971
22233,0.49757954
22234,0.50063324
22235,0.50116503
22236,0.49826163
22237,0.5059659
22238,0.50298196
22239,0.50011516
22240,0.49864388
22241,0.4979112
22242,0.50297594
22243,0.49997145
22244,0.4994533
22245,0.49992263
22246,0.50048304
22247,0.49851924
22248,0.5007753
22249,0.49787062
22250,0.505029
22251,0.49681053
22252,0.50430214
22253,0.49961537
22254,0.49955645
22255,0.49954146
22256,0.5029584
22257,0.5006489
22258,0.5085411
22259,0.50081426
22260,0.50339836
22261,0.49961132
22262,0.5047224
22263,0.49808517
22264,0.5089143
22265,0.49948603
22266,0.5029152
22267,0.49836054
22268,0.50862515
22269,0.504638
22270,0.4999491
22271,0.49997652
22272,0.49898377
22273,0.5029534
22274,0.498383
22275,0.5018436
22276,0.5085411
22277,0.49938753
22278,0.5040239
22279,0.50502825
22280,0.4997156
22281,0.50366104
22282,0.49891886
22283,0.5009413
22284,0.49766338
22285,0.5012516
22286,0.49858922
22287,0.4982296
22288,0.5045364
22289,0.49890625
22290,0.5000315
22291,0.49926585
22292,0.50104445
22293,0.5011482
22294,0.5018182
22295,0.5016852
22296,0.4970325
22297,0.50104845
22298,0.49958703
22299,0.5036828
22300,0.50437844
22301,0.5028648
22302,0.49927852
22303,0.49762595
22304,0.5007987
22305,0.49769056
22306,0.5033337
22307,0.5077602
22308,0.49977034
22309,0.49970382
22310,0.5002148
22311,0.49802792
22312,0.50289273
22313,0.5057681
22314,0.5076578
22315,0.50284404
22316,0.5068176
22317,0.497411
22318,0.4977059
22319,0.5017495
22320,0.4988848
22321,0.5059205
22322,0.5021946
22323,0.5028754
22324,0.49967214
22325,0.5085411
22326,0.5031271
22327,0.49882025
22328,0.5051028
22329,0.49758178
22330,0.50152296
22331,0.4994394
22332,0.5013629
22333,0.50383145
22334,0.50079936
22335,0.4998073
22336,0.4992141
22337,0.49851152
22338,0.498497
22339,0.5031782
22340,0.49827138
22341,0.49757847
22342,0.5029756
22343,0.4994836
22344,0.5011865
22345,0.49836695
22346,0.4994459
22347,0.4999233
22348,0.50103694
22349,0.4999361
22350,0.50661683
22351,0.49785525
22352,0.50348693
22353,0.50575125
22354,0.5021845
22355,0.49993646
22356,0.50199795
22357,0.4997055
22358,0.5085411
22359,0.4978295
22360,0.5028379
22361,0.49991643
22362,0.50007135
22363,0.49795887
22364,0.5000607
22365,0.5063421
22366,0.50122887
22367,0.49740818
22368,0.49817616
22369,0.4994963
22370,0.49987844
22371,0.49833816
22372,0.50151414
22373,0.5020523
22374,0.49973062
22375,0.49728352
22376,0.49888057
22377,0.5003389
22378,0.50488025
22379,0.5008765
22380,0.49864256
22381,0.5006303
22382,0.50150764
22383,0.50183773
22384,0.49959758
22385,0.5085411
22386,0.5048529
22387,0.501281
22388,0.4996359
22389,0.5041735
22390,0.5031307
22391,0.5004549
22392,0.5005626
22393,0.5000015
22394,0.49834824
22395,0.50064427
22396,0.50042546
22397,0.50071913
22398,0.497411
22399,0.5025991
22400,0.49843162
22401,0.5026994
22402,0.5016691
22403,0.5079939
22404,0.4957196
22405,0.5085411
22406,0.50262606
22407,0.5085411
22408,0.4990025
22409,0.5001269
22410,0.49808228
22411,0.499479
22412,0.5019061
22413,0.49891445
22414,0.50285107
22415,0.50298977
22416,0.49772963
22417,0.49795383
22418,0.5011799
22419,0.5040019
22420,0.49833366
22421,0.498728
22422,0.49765298
22423,0.500223
22424,0.4975894
22425,0.5047344
22426,0.5010435
22427,0.50136846
22428,0.5037283
22429,0.49737185
22430,0.4999888
22431,0.50068855
22432,0.50183964
22433,0.5030818
22434,0.5049959
22435,0.5068712
22436,0.49914542
22437,0.49832875
22438,0.4981626
22439,0.5032207
22440,0.5032199
22441,0.5004708
22442,0.5011437
22443,0.49995756
22444,0.5099696
22445,0.49983448
22446,0.50266767
22447,0.50454676
22448,0.4990548
22449,0.49955088
22450,0.5010484
22451,0.5005176
22452,0.49838328
22453,0.50158757
22454,0.5035268
22455,0.49934855
22456,0.4978381
22457,0.49950042
22458,0.49741673
22459,0.50139946
22460,0.49697852
22461,0.5051354
22462,0.49830228
22463,0.49966916
22464,0.49742258
22465,0.49606735
22466,0.50365645
22467,0.498484
22468,0.50003046
22469,0.4992002
22470,0.49854594
22471,0.502415
22472,0.49937457
22473,0.50223243
22474,0.4975439
22475,0.50219
22476,0.4983143
22477,0.49953374
22478,0.5033038
22479,0.49756598
22480,0.50266665
22481,0.5057641
22482,0.5015666
22483,0.49700016
22484,0.49653116
22485,0.5013365
22486,0.50430167
22487,0.503443
22488,0.50085753
22489,0.49986377
22490,0.5000557
22491,0.50198877
22492,0.49758676
22493,0.50026613
22494,0.50404936
22495,0.4986874
22496,0.49674523
22497,0.49829435
22498,0.5009552
22499,0.5000619
22500,0.501911
22501,0.5000643
22502,0.5004553
22503,0.5008892
22504,0.49922207
22505,0.499593
22506,0.50029916
22507,0.50086445
22508,0.50450045
22509,0.5052973
22510,0.501565
22511,0.50178903
22512,0.5006411
22513,0.50199115
22514,0.50077367
22515,0.49987128
22516,0.50297797
22517,0.50170815
22518,0.5030482
22519,0.4996627
22520,0.4997969
22521,0.5028688
22522,0.50959456
22523,0.49945807
22524,0.5085411
22525,0.49883577
22526,0.501062
22527,0.5041161
22528,0.49857512
22529,0.5024054
22530,0.5036941
22531,0.4964205
22532,0.5015922
22533,0.5012496
22534,0.5005922
22535,0.49999464
22536,0.4981197
22537,0.5030349
22538,0.5035366
22539,0.49954337
22540,0.49815905
22541,0.50020146
22542,0.5007213
22543,0.50276816
22544,0.50530946
22545,0.49892816
22546,0.49717128
22547,0.5033011
22548,0.49748772
22549,0.50289327
22550,0.50038046
22551,0.498632
22552,0.49893367
22553,0.5037339
22554,0.49713358
22555,0.49843103
22556,0.49952778
22557,0.50367296
22558,0.5055096
22559,0.5085411
22560,0.5015434
22561,0.50004774
22562,0.5040756
22563,0.500651
22564,0.50091577
22565,0.49740192
22566,0.4997685
22567,0.498813
22568,0.50337523
22569,0.49756077
22570,0.49815527
22571,0.5053423
22572,0.49799523
22573,0.49785998
22574,0.50101185
22575,0.5027229
22576,0.5027297
22577,0.4984829
22578,0.5047139
22579,0.5063799
22580,0.49766284
22581,0.49836487
22582,0.5038412
22583,0.49801543
22584,0.50085187
22585,0.5053702
22586,0.49752808
22587,0.5011861
22588,0.5031388
22589,0.49908972
22590,0.49959502
22591,0.49852717
22592,0.4966754
22593,0.49985132
22594,0.49728227
22595,0.5004982
22596,0.5013271
22597,0.5031942
22598,0.49941275
22599,0.49759212
22600,0.5012161
22601,0.5039507
22602,0.49806312
22603,0.4981871
22604,0.5014408
22605,0.49780574
22606,0.50146925
22607,0.49849012
22608,0.49646017
22609,0.49822292
22610,0.5050634
22611,0.5064532
22612,0.4976931
22613,0.50051993
22614,0.50376236
22615,0.4980257
22616,0.49972025
22617,0.5038951
22618,0.5013535
22619,0.5002039
22620,0.49832454
22621,0.50298846
22622,0.5052414
22623,0.4982054
22624,0.49673858
22625,0.5085411
22626,0.5049942
22627,0.49751788
22628,0.50959456
22629,0.50292474
22630,0.50184184
22631,0.4980786
22632,0.50229514
22633,0.49833757
22634,0.49936566
22635,0.49783882
22636,0.50959456
22637,0.5057439
22638,0.50009596
22639,0.4998234
22640,0.503684
22641,0.49826986
22642,0.5065834
22643,0.49959394
22644,0.4977456
22645,0.50580984
22646,0.49985364
22647,0.5072048
22648,0.5001979
22649,0.5087157
22650,0.5085411
22651,0.5056422
22652,0.49766344
22653,0.50272137
22654,0.5085411
22655,0.5029826
22656,0.500373
22657,0.50075096
22658,0.49842995
22659,0.49950707
22660,0.49857286
22661,0.5019786
22662,0.5014043
22663,0.5066122
22664,0.49970824
22665,0.5015566
22666,0.5085411
22667,0.5008171
22668,0.4991079
22669,0.5034418
22670,0.5013502
22671,0.5022988
22672,0.5024088
22673,0.49993944
22674,0.501622
22675,0.5018442
22676,0.50225097
22677,0.5059947
22678,0.4992735
22679,0.5017236
22680,0.4984072
22681,0.503354
22682,0.4982554
22683,0.4986678
22684,0.50608313
22685,0.50676405
22686,0.4983056
22687,0.4980734
22688,0.5005682
22689,0.49825576
22690,0.5001675
22691,0.5002988
22692,0.50162995
22693,0.4994445
22694,0.49876815
22695,0.4974254
22696,0.4976439
22697,0.49993145
22698,0.49784225
22699,0.50326234
22700,0.502019
22701,0.49573466
22702,0.49774542
22703,0.49980518
22704,0.50179654
22705,0.50050956
22706,0.5017525
22707,0.50731593
22708,0.50045276
22709,0.5024411
22710,0.49817777
22711,0.49966905
22712,0.4987219
22713,0.4958866
22714,0.5022808
22715,0.4981749
22716,0.49833378
22717,0.5004125
22718,0.49893132
22719,0.50227827
22720,0.4970979
22721,0.49672756
22722,0.50193053
22723,0.50058794
22724,0.5002218
22725,0.4983018
22726,0.4993606
22727,0.4974899
22728,0.49831897
22729,0.49967876
22730,0.5043025
22731,0.5026999
22732,0.5055534
22733,0.5032862
22734,0.49580753
22735,0.49784562
22736,0.5055887
22737,0.5032538
22738,0.49790323
22739,0.50267994
22740,0.50238264
22741,0.5036132
22742,0.49898022
22743,0.49859893
22744,0.49723893
22745,0.5024502
22746,0.5042095
22747,0.5065508
22748,0.4990704
22749,0.504975
22750,0.50518894
22751,0.50416255
22752,0.49830157
22753,0.50102216
22754,0.5008529
22755,0.49701223
22756,0.4998912
22757,0.4985451
22758,0.5016043
22759,0.5085411
22760,0.50081605
22761,0.50435674
22762,0.5040345
22763,0.49859738
22764,0.5005746
22765,0.49840674
22766,0.4969988
22767,0.49612087
22768,0.4970445
22769,0.5024671
22770,0.50129765
22771,0.49908972
22772,0.49723837
22773,0.4995353
22774,0.5006284
22775,0.50083804
22776,0.4997969
22777,0.49879378
22778,0.49841905
22779,0.50235206
22780,0.4988544
22781,0.49815598
22782,0.5033564
22783,0.49847674
22784,0.5040782
22785,0.50272995
22786,0.5001075
22787,0.50067633
22788,0.50027704
22789,0.50959456
22790,0.49544188
22791,0.49960864
22792,0.4965672
22793,0.4983991
22794,0.49907926
22795,0.50206226
22796,0.5007468
22797,0.4985756
22798,0.50057197
22799,0.50292313
22800,0.5008722
22801,0.5085411
22802,0.5017082
22803,0.5085411
22804,0.49783343
22805,0.50444084
22806,0.5047691
22807,0.49865144
22808,0.50157285
22809,0.5085411
22810,0.49951696
22811,0.49973348
22812,0.49708444
22813,0.5004125
22814,0.4990571
22815,0.50325537
22816,0.49871254
22817,0.50047904
22818,0.50507486
22819,0.502594
22820,0.5009216
22821,0.50233865
22822,0.50147456
22823,0.5004412
22824,0.50373226
22825,0.4987691
22826,0.49841797
22827,0.50103116
22828,0.5004106
22829,0.50406116
22830,0.49963745
22831,0.49939486
22832,0.49946424
22833,0.49612886
22834,0.50085664
22835,0.50096864
22836,0.50148314
22837,0.50790924
22838,0.50326806
22839,0.49996412
22840,0.50002116
22841,0.5048531
22842,0.501642
22843,0.50302684
22844,0.504501
22845,0.49980113
22846,0.50169444
22847,0.50399166
22848,0.50145644
22849,0.50037056
22850,0.502001
22851,0.49958643
22852,0.5075311
22853,0.49880162
22854,0.507715
22855,0.4995549
22856,0.5007043
22857,0.5013226
22858,0.49819154
22859,0.49874833
22860,0.49960276
22861,0.49675685
22862,0.5035089
22863,0.5070406
22864,0.497076
22865,0.4996137
22866,0.50645405
22867,0.4995009
22868,0.5004782
22869,0.5069597
22870,0.501875
22871,0.49952027
22872,0.49969316
22873,0.49916002
22874,0.4992405
22875,0.50204366
22876,0.5085411
22877,0.49763617
22878,0.49858543
22879,0.50360596
22880,0.50573933
22881,0.4985142
22882,0.5031856
22883,0.5001048
22884,0.5000638
22885,0.4995705
22886,0.49832347
22887,0.5014951
22888,0.49943808
22889,0.50304985
22890,0.4999355
22891,0.50021064
22892,0.50411534
22893,0.49760517
22894,0.49947804
22895,0.49804437
22896,0.4980592
22897,0.50959456
22898,0.5005003
22899,0.5010406
22900,0.5083384
22901,0.49790195
22902,0.5050533
22903,0.50517935
22904,0.4966915
22905,0.49884716
22906,0.5011854
22907,0.5021426
22908,0.50441074
22909,0.49965525
22910,0.50197136
22911,0.49810636
22912,0.49974608
22913,0.49991643
22914,0.5022153
22915,0.49982953
22916,0.4975994
22917,0.5016249
22918,0.50026953
22919,0.5085411
22920,0.49972776
22921,0.50057733
22922,0.49820557
22923,0.5058392
22924,0.5008404
22925,0.5016732
22926,0.4994419
22927,0.50454235
22928,0.508936
22929,0.49935168
22930,0.5042658
22931,0.49942714
22932,0.505299
22933,0.50092393
22934,0.5045839
22935,0.4986108
22936,0.5054017
22937,0.503587
22938,0.5041897
22939,0.49828878
22940,0.49906108
22941,0.50183034
22942,0.5041916
22943,0.505411
22944,0.4997361
22945,0.5028564
22946,0.49814096
22947,0.49823546
22948,0.49928778
22949,0.50284445
22950,0.49721938
22951,0.49950618
22952,0.5020375
22953,0.4993482
22954,0.50256956
22955,0.49813113
22956,0.49922764
22957,0.50337446
22958,0.49770117
22959,0.501928
22960,0.4986035
22961,0.5004247
22962,0.49813905
22963,0.5017263
22964,0.50005716
22965,0.50107056
22966,0.50567085
22967,0.4976257
22968,0.5001791
22969,0.49846882
22970,0.5013671
22971,0.5020943
22972,0.5079289
22973,0.5010683
22974,0.50668913
22975,0.49822533
22976,0.49796608
22977,0.50055087
22978,0.50157416
22979,0.4992323
22980,0.50079566
22981,0.4969776
22982,0.5032792
22983,0.50160456
22984,0.501644
22985,0.49950993
22986,0.50461644
22987,0.5025292
22988,0.50493324
22989,0.5001093
22990,0.49819478
22991,0.50008535
22992,0.4983223
22993,0.4998949
22994,0.49949196
22995,0.50537556
22996,0.50959456
22997,0.5006738
22998,0.5029051
22999,0.49975568
23000,0.4985885
23001,0.49968055
23002,0.4991124
23003,0.5085411
23004,0.50641036
23005,0.5010946
23006,0.5021042
23007,0.5024837
23008,0.4983005
23009,0.4984303
23010,0.49779204
23011,0.50308114
23012,0.50186384
23013,0.4969353
23014,0.5063695
23015,0.50159776
23016,0.5068581
23017,0.498114
23018,0.50062346
23019,0.49769148
23020,0.49727833
23021,0.5051215
23022,0.50196433
23023,0.49759778
23024,0.503966
23025,0.4980851
23026,0.5063125
23027,0.5050596
23028,0.49739414
23029,0.50019544
23030,0.49895868
23031,0.4974309
23032,0.49696794
23033,0.50092095
23034,0.5050528
23035,0.5065888
23036,0.49943438
23037,0.50114876
23038,0.5010917
23039,0.49795485
23040,0.5000448
23041,0.5017929
23042,0.50506413
23043,0.5020498
23044,0.5033092
23045,0.4987398
23046,0.5036433
23047,0.5000663
23048,0.49986634
23049,0.50076944
23050,0.5008901
23051,0.5010283
23052,0.49904078
23053,0.49929956
23054,0.4985065
23055,0.5085411
23056,0.50131553
23057,0.501347
23058,0.5007013
23059,0.49990007
23060,0.49751958
23061,0.49880326
23062,0.49855384
23063,0.4989191
23064,0.5017214
23065,0.50445896
23066,0.49517733
23067,0.49714655
23068,0.5017339
23069,0.4984759
23070,0.505073
23071,0.5033435
23072,0.5011153
23073,0.49711165
23074,0.50015897
23075,0.49843422
23076,0.49809706
23077,0.4988232
23078,0.49900433
23079,0.49658665
23080,0.4987888
23081,0.5008116
23082,0.49798506
23083,0.5024279
23084,0.49852338
23085,0.5005439
23086,0.5085411
23087,0.49912047
23088,0.49872765
23089,0.5033323
23090,0.49802214
23091,0.50226474
23092,0.49774942
23093,0.49911514
23094,0.4957147
23095,0.5001105
23096,0.50116277
23097,0.49802276
23098,0.5046917
23099,0.496977
23100,0.49779686
23101,0.50011516
23102,0.49766278
23103,0.49851277
23104,0.5032517
23105,0.50114304
23106,0.49945146
23107,0.5031132
23108,0.4986301
23109,0.50374705
23110,0.502737
23111,0.49968952
23112,0.4974043
23113,0.5021612
23114,0.5008639
23115,0.50673556
23116,0.49809074
23117,0.5008255
23118,0.502109
23119,0.50312585
23120,0.50007313
23121,0.503867
23122,0.5034939
23123,0.5085411
23124,0.50044245
23125,0.50008017
23126,0.50450695
23127,0.49776047
23128,0.50201327
23129,0.50125134
23130,0.5014671
23131,0.505825
23132,0.5001682
23133,0.49913377
23134,0.50557846
23135,0.5037032
23136,0.49685827
23137,0.5078704
23138,0.50837606
23139,0.4963092
23140,0.5085411
23141,0.5063628
23142,0.500599
23143,0.501749
23144,0.49967608
23145,0.5012085
23146,0.4996812
23147,0.4976484
23148,0.5031909
23149,0.50011307
23150,0.5037488
23151,0.50520474
23152,0.503599
23153,0.50467175
23154,0.4991209
23155,0.4993809
23156,0.5085411
23157,0.5095446
23158,0.49700427
23159,0.5030594
23160,0.50014293
23161,0.4990359
23162,0.5000291
23163,0.4970678
23164,0.49808493
23165,0.50135446
23166,0.50205785
23167,0.5051043
23168,0.50740683
23169,0.5012252
23170,0.49892348
23171,0.50297415
23172,0.49856266
23173,0.49824658
23174,0.5021978
23175,0.4992262
23176,0.49464715
23177,0.49636018
23178,0.4972531
23179,0.5041285
23180,0.4985091
23181,0.5004061
23182,0.49942565
23183,0.5033836
23184,0.5008363
23185,0.49666217
23186,0.5020653
23187,0.5041439
23188,0.50386155
23189,0.5011577
23190,0.5008096
23191,0.501819
23192,0.49856493
23193,0.49799806
23194,0.4971761
23195,0.4990834
23196,0.5008369
23197,0.49905753
23198,0.49807665
23199,0.5041432
23200,0.49658406
23201,0.5007464
23202,0.50175273
23203,0.50066453
23204,0.5001536
23205,0.502081
23206,0.5017857
23207,0.49885523
23208,0.50321096
23209,0.49870303
23210,0.5043201
23211,0.49669805
23212,0.5025175
23213,0.5063215
23214,0.5007546
23215,0.49681887
23216,0.5010407
23217,0.50103444
23218,0.4982383
23219,0.4989188
23220,0.49712697
23221,0.4988118
23222,0.49774536
23223,0.50658643
23224,0.5006946
23225,0.5085411
23226,0.49862608
23227,0.49775553
23228,0.50101435
23229,0.50285214
23230,0.5070342
23231,0.49752784
23232,0.49975485
23233,0.4984693
23234,0.50100636
23235,0.49871442
23236,0.49980053
23237,0.49907082
23238,0.50133705
23239,0.4998797
23240,0.5019476
23241,0.5019497
23242,0.5040893
23243,0.5029895
23244,0.49670893
23245,0.5085411
23246,0.50141275
23247,0.5022544
23248,0.50273204
23249,0.50201327
23250,0.50035375
23251,0.50154984
23252,0.49768004
23253,0.49947515
23254,0.49999237
23255,0.5074638
23256,0.5015448
23257,0.49882618
23258,0.49739957
23259,0.496285
23260,0.499425
23261,0.4979691
23262,0.504174
23263,0.5004296
23264,0.5047374
23265,0.5009332
23266,0.49741644
23267,0.49933955
23268,0.4971559
23269,0.5051661
23270,0.5002766
23271,0.49990943
23272,0.50260407
23273,0.50325394
23274,0.49443966
23275,0.49728605
23276,0.50103265
23277,0.5006588
23278,0.50248665
23279,0.4985315
23280,0.50045407
23281,0.5006583
23282,0.50009125
23283,0.50502205
23284,0.5028145
23285,0.49813563
23286,0.5063922
23287,0.4979182
23288,0.50084376
23289,0.508316
23290,0.49790713
23291,0.5032441
23292,0.500593
23293,0.5009294
23294,0.4981161
23295,0.50176924
23296,0.49885315
23297,0.4978431
23298,0.50031245
23299,0.5019341
23300,0.498519
23301,0.5026163
23302,0.5085411
23303,0.50243986
23304,0.5048388
23305,0.5051297
23306,0.5019126
23307,0.5040852
23308,0.50080395
23309,0.49785116
23310,0.4981063
23311,0.5010106
23312,0.502412
23313,0.5085411
23314,0.499519
23315,0.49804312
23316,0.49957645
23317,0.49892455
23318,0.50271404
23319,0.49870038
23320,0.5060562
23321,0.4981296
23322,0.4988593
23323,0.5020301
23324,0.5054811
23325,0.5048861
23326,0.49797487
23327,0.50336844
23328,0.4998498
23329,0.50108135
23330,0.5018245
23331,0.5059101
23332,0.5018319
23333,0.49839407
23334,0.5029285
23335,0.50432926
23336,0.4996887
23337,0.49862015
23338,0.4990283
23339,0.4981793
23340,0.50116926
23341,0.4984594
23342,0.50001246
23343,0.5030024
23344,0.50152665
23345,0.50337654
23346,0.500474
23347,0.50099146
23348,0.49964073
23349,0.49935764
23350,0.502964
23351,0.5004375
23352,0.49828312
23353,0.50256664
23354,0.5036034
23355,0.4990991
23356,0.5013106
23357,0.5026099
23358,0.49759063
23359,0.49981338
23360,0.5008687
23361,0.4993193
23362,0.49975574
23363,0.50008583
23364,0.49930266
23365,0.49877337
23366,0.50344914
23367,0.50309694
23368,0.50959456
23369,0.50045836
23370,0.5011285
23371,0.49927983
23372,0.50431174
23373,0.5037462
23374,0.50334775
23375,0.5085411
23376,0.5006038
23377,0.5047625
23378,0.4986534
23379,0.50959456
23380,0.5000117
23381,0.5007107
23382,0.49817982
23383,0.5012396
23384,0.5009484
23385,0.50142205
23386,0.5021985
23387,0.4989084
23388,0.5044687
23389,0.49923888
23390,0.5020476
23391,0.49686468
23392,0.49972197
23393,0.50284165
23394,0.5001254
23395,0.502662
23396,0.49851876
23397,0.5012613
23398,0.5048995
23399,0.502662
23400,0.50203407
23401,0.49955657
23402,0.50514495
23403,0.5045089
23404,0.50062716
23405,0.49860457
23406,0.4985421
23407,0.50036573
23408,0.50533044
23409,0.5085411
23410,0.5001054
23411,0.50427425
23412,0.49779806
23413,0.49859515
23414,0.49866664
23415,0.50436306
23416,0.5044047
23417,0.49843433
23418,0.49609265
23419,0.4976579
23420,0.50055605
23421,0.49931455
23422,0.5026447
23423,0.5067959
23424,0.50072813
23425,0.5011008
23426,0.50062317
23427,0.5036903
23428,0.50347525
23429,0.5044541
23430,0.49886236
23431,0.5008666
23432,0.49969953
23433,0.5029742
23434,0.5006516
23435,0.49783942
23436,0.5037078
23437,0.5020523
23438,0.49700904
23439,0.49659348
23440,0.5019455
23441,0.4986511
23442,0.499321
23443,0.49957478
23444,0.49936542
23445,0.5002853
23446,0.5047937
23447,0.5012532
23448,0.49851182
23449,0.49937516
23450,0.4948194
23451,0.49723458
23452,0.50016445
23453,0.5072506
23454,0.50272703
23455,0.50221914
23456,0.5055238
23457,0.4989548
23458,0.5005627
23459,0.5020238
23460,0.5029353
23461,0.49692696
23462,0.49916098
23463,0.5095207
23464,0.5025265
23465,0.50403464
23466,0.4983172
23467,0.5012239
23468,0.5008962
23469,0.49976695
23470,0.4977405
23471,0.50017786
23472,0.5045815
23473,0.5023
23474,0.5003016
23475,0.50258255
23476,0.5036389
23477,0.5049114
23478,0.50570583
23479,0.49823186
23480,0.50260836
23481,0.5043036
23482,0.50235474
23483,0.49941662
23484,0.49803412
23485,0.5032841
23486,0.49979505
23487,0.49919176
23488,0.49909055
23489,0.50000453
23490,0.4994093
23491,0.4970825
23492,0.4990694
23493,0.49844807
23494,0.50309765
23495,0.5046811
23496,0.5045224
23497,0.49807104
23498,0.50288403
23499,0.501899
23500,0.5038867
23501,0.4996294
23502,0.4979742
23503,0.49858114
23504,0.5023508
23505,0.5085411
23506,0.50308347
23507,0.50479186
23508,0.49659583
23509,0.5047841
23510,0.49907345
23511,0.5050975
23512,0.49881935
23513,0.5000638
23514,0.5006709
23515,0.49784768
23516,0.4971506
23517,0.49970847
23518,0.49823967
23519,0.49714676
23520,0.5008938
23521,0.5003796
23522,0.5020022
23523,0.5028913
23524,0.50025773
23525,0.49929467
23526,0.49895784
23527,0.49925438
23528,0.50030494
23529,0.5030208
23530,0.4957259
23531,0.49882123
23532,0.49997413
23533,0.5010584
23534,0.5032523
23535,0.49824893
23536,0.5023956
23537,0.502604
23538,0.5050095
23539,0.49778405
23540,0.49708644
23541,0.50019234
23542,0.4971394
23543,0.49834907
23544,0.4978153
23545,0.50565207
23546,0.49799973
23547,0.49980778
23548,0.5008036
23549,0.5051477
23550,0.5029813
23551,0.49930882
23552,0.50027835
23553,0.50959456
23554,0.49716645
23555,0.49777943
23556,0.49782938
23557,0.49992603
23558,0.49980956
23559,0.5046693
23560,0.49858046
23561,0.49883068
23562,0.4976866
23563,0.49998945
23564,0.4979373
23565,0.50964946
23566,0.50300974
23567,0.49755698
23568,0.4973407
23569,0.5003957
23570,0.49870872
23571,0.49741468
23572,0.5043233
23573,0.4997985
23574,0.5057478
23575,0.49920115
23576,0.5022427
23577,0.5005222
23578,0.49943417
23579,0.5011098
23580,0.498577
23581,0.49757418
23582,0.49554783
23583,0.4975845
23584,0.50026673
23585,0.5015049
23586,0.5049796
23587,0.49901357
23588,0.50123215
23589,0.49520573
23590,0.4984607
23591,0.499753
23592,0.5003772
23593,0.5045584
23594,0.4984098
23595,0.5085411
23596,0.5003055
23597,0.49816605
23598,0.49796873
23599,0.5021469
23600,0.50000423
23601,0.5023086
23602,0.49987438
23603,0.49776125
23604,0.50111014
23605,0.5003583
23606,0.5011746
23607,0.49790022
23608,0.49798352
23609,0.50582755
23610,0.50098616
23611,0.5015527
23612,0.5013648
23613,0.49845624
23614,0.50597036
23615,0.5006378
23616,0.5009478
23617,0.50330997
23618,0.49860156
23619,0.5039341
23620,0.5082071
23621,0.5025696
23622,0.50189304
23623,0.49916038
23624,0.4998795
23625,0.49815795
23626,0.4995686
23627,0.5005748
23628,0.49835828
23629,0.5016991
23630,0.49726254
23631,0.49746683
23632,0.49926046
23633,0.49911
23634,0.49998873
23635,0.49886033
23636,0.49730593
23637,0.49849984
23638,0.50063455
23639,0.49891707
23640,0.50364804
23641,0.49824405
23642,0.49897748
23643,0.49984425
23644,0.5006539
23645,0.5085411
23646,0.50681376
23647,0.49957073
23648,0.50157356
23649,0.5042896
23650,0.5009717
23651,0.4978535
23652,0.49829435
23653,0.4975111
23654,0.5015382
23655,0.4979569
23656,0.4977665
23657,0.50295746
23658,0.49995965
23659,0.49655256
23660,0.5052377
23661,0.50959456
23662,0.5027224
23663,0.49707294
23664,0.4985655
23665,0.49733654
23666,0.49843055
23667,0.49716187
23668,0.5002712
23669,0.5051529
23670,0.50391054
23671,0.5007352
23672,0.49792725
23673,0.49950904
23674,0.49930775
23675,0.5001682
23676,0.50959456
23677,0.502176
23678,0.5002861
23679,0.5023974
23680,0.5042796
23681,0.4995786
23682,0.49865478
23683,0.4994357
23684,0.49801627
23685,0.500393
23686,0.50959456
23687,0.50114024
23688,0.4999665
23689,0.5010706
23690,0.4984128
23691,0.50061053
23692,0.5025446
23693,0.4982799
23694,0.50071764
23695,0.49994957
23696,0.4988457
23697,0.49981683
23698,0.4978608
23699,0.49960002
23700,0.49860522
23701,0.49706477
23702,0.50103545
23703,0.49756324
23704,0.50237256
23705,0.50099105
23706,0.5068311
23707,0.50270313
23708,0.4993139
23709,0.49933955
23710,0.5031962
23711,0.5090327
23712,0.50350857
23713,0.498895
23714,0.504181
23715,0.49899974
23716,0.5057045
23717,0.5000836
23718,0.5013001
23719,0.49953464
23720,0.5040527
23721,0.5053698
23722,0.5057946
23723,0.49937162
23724,0.50289166
23725,0.49909803
23726,0.49707523
23727,0.5024543
23728,0.5016528
23729,0.500318
23730,0.50102663
23731,0.49972537
23732,0.49984926
23733,0.50256884
23734,0.4962857
23735,0.5022536
23736,0.5036142
23737,0.50159484
23738,0.5006429
23739,0.5035538
23740,0.49882677
23741,0.5053395
23742,0.50240743
23743,0.5018688
23744,0.4983699
23745,0.49805567
23746,0.5004119
23747,0.50197446
23748,0.5019167
23749,0.49845636
23750,0.5039208
23751,0.50191694
23752,0.5003194
23753,0.4973034
23754,0.502121
23755,0.49812996
23756,0.49776852
23757,0.49972048
23758,0.5082071
23759,0.49890152
23760,0.49980778
23761,0.50502145
23762,0.49939397
23763,0.49840355
23764,0.49998987
23765,0.5005351
23766,0.49692076
23767,0.50024486
23768,0.49791566
23769,0.5015328
23770,0.5008757
23771,0.49972168
23772,0.4988627
23773,0.50510436
23774,0.49947473
23775,0.50142586
23776,0.49939176
23777,0.4991999
23778,0.5011236
23779,0.50034434
23780,0.49782628
23781,0.4992463
23782,0.5017596
23783,0.5057312
23784,0.50099456
23785,0.49661794
23786,0.5012417
23787,0.50174814
23788,0.499273
23789,0.50435686
23790,0.49695987
23791,0.4992613
23792,0.49946836
23793,0.50078124
23794,0.498675
23795,0.49670652
23796,0.49759963
23797,0.49937445
23798,0.5012736
23799,0.50073254
23800,0.5002366
23801,0.50108725
23802,0.49942988
23803,0.4987609
23804,0.4993124
23805,0.4982599
23806,0.4995685
23807,0.50344056
23808,0.5004793
23809,0.49783835
23810,0.49981183
23811,0.50006944
23812,0.50031126
23813,0.50201666
23814,0.50119334
23815,0.50222456
23816,0.5046194
23817,0.5006548
23818,0.49904174
23819,0.49820155
23820,0.5038749
23821,0.5043465
23822,0.5066041
23823,0.5021302
23824,0.49901918
23825,0.50059354
23826,0.5016927
23827,0.5044963
23828,0.5085411
23829,0.50075716
23830,0.5019359
23831,0.50830793
23832,0.5032569
23833,0.49748537
23834,0.5029105
23835,0.50169796
23836,0.5074898
23837,0.50591683
23838,0.50071687
23839,0.498018
23840,0.5009486
23841,0.50065404
23842,0.5010884
23843,0.50920886
23844,0.50591815
23845,0.4983828
23846,0.49843067
23847,0.5026097
23848,0.501401
23849,0.5003271
23850,0.50070184
23851,0.5012876
23852,0.50272596
23853,0.4988009
23854,0.5015548
23855,0.5061027
23856,0.49833703
23857,0.5004085
23858,0.4975773
23859,0.50737774
23860,0.50153214
23861,0.49909404
23862,0.5022003
23863,0.5005643
23864,0.5012411
23865,0.5018214
23866,0.5085411
23867,0.49814242
23868,0.5034895
23869,0.49846503
23870,0.5053136
23871,0.49882942
23872,0.50317335
23873,0.5061472
23874,0.50006026
23875,0.49768606
23876,0.5002497
23877,0.50363135
23878,0.5019005
23879,0.49965805
23880,0.500479
23881,0.500642
23882,0.5023321
23883,0.4989737
23884,0.503472
23885,0.50223386
23886,0.49811137
23887,0.50309706
23888,0.4986588
23889,0.50442314
23890,0.5032519
23891,0.49944612
23892,0.5035618
23893,0.5047691
23894,0.5033907
23895,0.5007491
23896,0.5002545
23897,0.50008845
23898,0.503249
23899,0.50170624
23900,0.49900398
23901,0.49719834
23902,0.50073993
23903,0.5022404
23904,0.49732503
23905,0.50113344
23906,0.50955
23907,0.5053867
23908,0.50096256
23909,0.49834338
23910,0.49952492
23911,0.5002737
23912,0.4992039
23913,0.5010651
23914,0.49929872
23915,0.50010866
23916,0.4973865
23917,0.4986186
23918,0.4981334
23919,0.49895042
23920,0.49879533
23921,0.50442654
23922,0.49960122
23923,0.50476205
23924,0.5013838
23925,0.5049777
23926,0.5022862
23927,0.49962145
23928,0.50562876
23929,0.50603974
23930,0.5069487
23931,0.4988169
23932,0.49998403
23933,0.5036968
23934,0.49749237
23935,0.49992216
23936,0.5022397
23937,0.500261
23938,0.49757484
23939,0.50598264
23940,0.49956515
23941,0.497468
23942,0.49862453
23943,0.49854162
23944,0.49783185
23945,0.50176096
23946,0.50336653
23947,0.5061552
23948,0.5018168
23949,0.49968037
23950,0.49922764
23951,0.49891385
23952,0.50290513
23953,0.5089338
23954,0.5018338
23955,0.50101006
23956,0.49575636
23957,0.50220376
23958,0.50057966
23959,0.49845544
23960,0.5063534
23961,0.5052411
23962,0.49939325
23963,0.5040288
23964,0.5000645
23965,0.49924558
23966,0.49790952
23967,0.5014071
23968,0.49932292
23969,0.50024104
23970,0.5062849
23971,0.5038589
23972,0.50258553
23973,0.49980363
23974,0.5039046
23975,0.49853304
23976,0.49834022
23977,0.50560975
23978,0.49857855
23979,0.5017642
23980,0.49937552
23981,0.49823225
23982,0.5073279
23983,0.4986561
23984,0.5063428
23985,0.49981606
23986,0.5030546
23987,0.505575
23988,0.5021098
23989,0.49774536
23990,0.5029721
23991,0.50297254
23992,0.49925885
23993,0.5085411
23994,0.49710605
23995,0.4995404
23996,0.5037833
23997,0.49853945
23998,0.50067806
23999,0.49997753
24000,0.504623
24001,0.5022708
24002,0.4998004
24003,0.5031108
24004,0.50162524
24005,0.49966085
24006,0.49703753
24007,0.5011927
24008,0.50407887
24009,0.5085411
24010,0.49877107
24011,0.50569344
24012,0.50058234
24013,0.504228
24014,0.49867138
24015,0.5053954
24016,0.49564388
24017,0.5012734
24018,0.4987856
24019,0.49885786
24020,0.5005673
24021,0.49838057
24022,0.50403374
24023,0.5006509
24024,0.49616557
24025,0.5013346
24026,0.50075954
24027,0.5017081
24028,0.50450873
24029,0.4966525
24030,0.50002027
24031,0.49891815
24032,0.5036218
24033,0.5037446
24034,0.5048803
24035,0.4985527
24036,0.50083154
24037,0.49801084
24038,0.49931952
24039,0.5017605
24040,0.4989876
24041,0.5045821
24042,0.50205606
24043,0.499757
24044,0.497181
24045,0.49860325
24046,0.49762782
24047,0.4969895
24048,0.50500476
24049,0.50230354
24050,0.503907
24051,0.5013972
24052,0.506981
24053,0.49790454
24054,0.49725014
24055,0.5076344
24056,0.5001054
24057,0.49914995
24058,0.4964638
24059,0.49761626
24060,0.498623
24061,0.49977466
24062,0.5003801
24063,0.50001633
24064,0.50145155
24065,0.5023377
24066,0.4980028
24067,0.5011806
24068,0.49986324
24069,0.50211054
24070,0.5010102
24071,0.50435674
24072,0.4985696
24073,0.50271195
24074,0.49813858
24075,0.4986349
24076,0.49933547
24077,0.5033963
24078,0.4994871
24079,0.5085411
24080,0.50272876
24081,0.49822995
24082,0.50070775
24083,0.5022267
24084,0.49802402
24085,0.5060358
24086,0.5040269
24087,0.50246423
24088,0.50100946
24089,0.49810913
24090,0.5046065
24091,0.50267524
24092,0.4984892
24093,0.5007661
24094,0.5021581
24095,0.507598
24096,0.50002795
24097,0.49934563
24098,0.5085411
24099,0.5001747
24100,0.5000469
24101,0.50397706
24102,0.50251067
24103,0.49745563
24104,0.49835557
24105,0.49796554
24106,0.50959456
24107,0.49878037
24108,0.498227
24109,0.5071568
24110,0.49990502
24111,0.5003858
24112,0.49718064
24113,0.49810252
24114,0.5057289
24115,0.5085411
24116,0.49642292
24117,0.5004203
24118,0.49856943
24119,0.5085411
24120,0.49804714
24121,0.49552283
24122,0.5017447
24123,0.5000109
24124,0.49878463
24125,0.5014444
24126,0.5033351
24127,0.49985033
24128,0.4998969
24129,0.4969406
24130,0.49941763
24131,0.497479
24132,0.50363296
24133,0.5015761
24134,0.5012019
24135,0.49532112
24136,0.49943167
24137,0.5024135
24138,0.49779922
24139,0.49878204
24140,0.5030087
24141,0.49862325
24142,0.49752656
24143,0.50394326
24144,0.49921042
24145,0.49917808
24146,0.5019955
24147,0.5005617
24148,0.49900135
24149,0.5017521
24150,0.5028597
24151,0.49880457
24152,0.498368
24153,0.49918723
24154,0.50099933
24155,0.5004494
24156,0.498685
24157,0.50959456
24158,0.5027648
24159,0.5017997
24160,0.50383806
24161,0.5065495
24162,0.500019
24163,0.5008003
24164,0.506704
24165,0.49937832
24166,0.500372
24167,0.50641096
24168,0.5022069
24169,0.5036958
24170,0.50959456
24171,0.50510365
24172,0.5004905
24173,0.5023151
24174,0.4980275
24175,0.502882
24176,0.5006747
24177,0.5028844
24178,0.504273
24179,0.49772587
24180,0.50185084
24181,0.49965882
24182,0.49875796
24183,0.50514317
24184,0.50137925
24185,0.5039782
24186,0.5018887
24187,0.50640136
24188,0.50027555
24189,0.5049772
24190,0.5035815
24191,0.5060585
24192,0.49798813
24193,0.500158
24194,0.49829316
24195,0.50071824
24196,0.50290155
24197,0.49811444
24198,0.5009441
24199,0.500359
24200,0.5022857
24201,0.50072956
24202,0.49905777
24203,0.49713805
24204,0.4983712
24205,0.50283533
24206,0.5013812
24207,0.50194436
24208,0.49821597
24209,0.4994896
24210,0.5007063
24211,0.5031399
24212,0.5066592
24213,0.4987416
24214,0.50018287
24215,0.4982393
24216,0.4992607
24217,0.50016695
24218,0.5022995
24219,0.49824923
24220,0.5005226
24221,0.50071526
24222,0.498134
24223,0.4979679
24224,0.5022053
24225,0.5011373
24226,0.50231695
24227,0.49908412
24228,0.49770725
24229,0.49405855
24230,0.50478685
24231,0.5002777
24232,0.4975197
24233,0.50012785
24234,0.5038475
24235,0.4998259
24236,0.5032111
24237,0.5003885
24238,0.49696004
24239,0.49887803
24240,0.5028022
24241,0.5003835
24242,0.5034722
24243,0.50347984
24244,0.50207067
24245,0.4992797
24246,0.5013432
24247,0.49962834
24248,0.50399834
24249,0.5011627
24250,0.49862382
24251,0.49989983
24252,0.4985812
24253,0.50859237
24254,0.49949172
24255,0.49889973
24256,0.49873796
24257,0.50126135
24258,0.5016153
24259,0.5018949
24260,0.506039
24261,0.5085411
24262,0.5014176
24263,0.5031472
24264,0.5015687
24265,0.49992502
24266,0.49968097
24267,0.5005172
24268,0.5018106
24269,0.50012255
24270,0.5006953
24271,0.50205797
24272,0.5018641
24273,0.50247926
24274,0.50060266
24275,0.5013801
24276,0.49812314
24277,0.49952492
24278,0.5044511
24279,0.49856722
24280,0.49943796
24281,0.504454
24282,0.50184166
24283,0.5085411
24284,0.5048362
24285,0.49776468
24286,0.4997111
24287,0.49844489
24288,0.50106674
24289,0.50492144
24290,0.5014976
24291,0.49792594
24292,0.49941596
24293,0.4957239
24294,0.49918783
24295,0.5030666
24296,0.50153905
24297,0.49972156
24298,0.5017881
24299,0.50133324
24300,0.49998832
24301,0.5006548
24302,0.49912012
24303,0.4991252
24304,0.5012223
24305,0.49961638
24306,0.49930444
24307,0.5054983
24308,0.504269
24309,0.50334555
24310,0.49879175
24311,0.4999385
24312,0.5028578
24313,0.50183344
24314,0.50564075
24315,0.5042432
24316,0.5001998
24317,0.49808097
24318,0.5006099
24319,0.50148445
24320,0.50188357
24321,0.50219965
24322,0.5027783
24323,0.50331014
24324,0.49933428
24325,0.5038338
24326,0.5056172
24327,0.49753535
24328,0.49752182
24329,0.50090355
24330,0.5030829
24331,0.50023955
24332,0.50184005
24333,0.5008298
24334,0.5045951
24335,0.5000742
24336,0.5005421
24337,0.5006947
24338,0.50156856
24339,0.50236124
24340,0.5002476
24341,0.50506544
24342,0.49794143
24343,0.5003358
24344,0.501408
24345,0.50582147
24346,0.50730675
24347,0.49826464
24348,0.5003869
24349,0.49814686
24350,0.499376
24351,0.5009271
24352,0.5032078
24353,0.50179875
24354,0.498518
24355,0.49806193
24356,0.5018629
24357,0.4991984
24358,0.49681205
24359,0.5048009
24360,0.4974502
24361,0.50653
24362,0.49445862
24363,0.5085411
24364,0.50474787
24365,0.49728906
24366,0.49781075
24367,0.49934855
24368,0.50202173
24369,0.5033449
24370,0.5021617
24371,0.49813527
24372,0.50025874
24373,0.50640136
24374,0.5003683
24375,0.4991709
24376,0.49890515
24377,0.49843493
24378,0.49799523
24379,0.50784576
24380,0.50042063
24381,0.5012876
24382,0.50002813
24383,0.49932417
24384,0.50487894
24385,0.5006277
24386,0.49797854
24387,0.49876583
24388,0.5002543
24389,0.5045073
24390,0.49912706
24391,0.5045945
24392,0.4990984
24393,0.4968788
24394,0.5004941
24395,0.500028
24396,0.50377566
24397,0.50243765
24398,0.4997736
24399,0.50238603
24400,0.49943072
24401,0.49800408
24402,0.49988464
24403,0.49997258
24404,0.50256824
24405,0.49709222
24406,0.49787107
24407,0.5085411
24408,0.5011343
24409,0.50689745
24410,0.49827617
24411,0.4976057
24412,0.50095195
24413,0.50186473
24414,0.5032428
24415,0.50493836
24416,0.50028706
24417,0.50055027
24418,0.50959456
24419,0.5067651
24420,0.5045313
24421,0.49776602
24422,0.49952558
24423,0.50273335
24424,0.50538146
24425,0.5065299
24426,0.50221455
24427,0.5085411
24428,0.50762725
24429,0.500695
24430,0.49834195
24431,0.5039308
24432,0.5032776
24433,0.5038571
24434,0.4997431
24435,0.501632
24436,0.50633234
24437,0.499844
24438,0.49942404
24439,0.49819267
24440,0.49860284
24441,0.4986862
24442,0.4965511
24443,0.5009352
24444,0.5030715
24445,0.50248647
24446,0.49719232
24447,0.49822012
24448,0.5009839
24449,0.5024192
24450,0.50140446
24451,0.49713358
24452,0.49822286
24453,0.50458276
24454,0.501329
24455,0.49837002
24456,0.4959484
24457,0.50062394
24458,0.49878642
24459,0.49974906
24460,0.5024185
24461,0.49989417
24462,0.50959456
24463,0.50240445
24464,0.4991927
24465,0.50511926
24466,0.5054011
24467,0.49892953
24468,0.5018419
24469,0.5001443
24470,0.49867737
24471,0.49979195
24472,0.5010009
24473,0.49951822
24474,0.5003557
24475,0.4999018
24476,0.49790606
24477,0.5038494
24478,0.5042352
24479,0.49601057
24480,0.49997854
24481,0.50217825
24482,0.5007033
24483,0.50131965
24484,0.5005137
24485,0.50534385
24486,0.5054452
24487,0.5032043
24488,0.49866188
24489,0.4985596
24490,0.50959456
24491,0.50329965
24492,0.49715266
24493,0.4982348
24494,0.49810037
24495,0.49980825
24496,0.501025
24497,0.49926376
24498,0.49901253
24499,0.49834302
24500,0.50112116
24501,0.50959456
24502,0.49873227
24503,0.50014645
24504,0.50514936
24505,0.5007229
24506,0.50153816
24507,0.49862847
24508,0.50301915
24509,0.49857855
24510,0.49949422
24511,0.5083342
24512,0.5022667
24513,0.5003786
24514,0.50346416
24515,0.50042135
24516,0.5030708
24517,0.49894863
24518,0.5019099
24519,0.4966281
24520,0.5027382
24521,0.51055586
24522,0.49901763
24523,0.500279
24524,0.5031614
24525,0.49827322
24526,0.50078243
24527,0.50436586
24528,0.50359017
24529,0.5013823
24530,0.4982911
24531,0.50134397
24532,0.5030211
24533,0.4995977
24534,0.50461525
24535,0.5003918
24536,0.5004119
24537,0.49444783
24538,0.50200146
24539,0.50068545
24540,0.49671263
24541,0.4977971
24542,0.50198805
24543,0.4993842
24544,0.5037773
24545,0.49926436
24546,0.5084757
24547,0.50048345
24548,0.49828464
24549,0.503476
24550,0.498713
24551,0.5085411
24552,0.502595
24553,0.4984572
24554,0.49885973
24555,0.4986621
24556,0.50614774
24557,0.5037036
24558,0.4988811
24559,0.49855497
24560,0.49989513
24561,0.5021265
24562,0.50270444
24563,0.49712944
24564,0.49933818
24565,0.49863225
24566,0.50107646
24567,0.5056815
24568,0.49832988
24569,0.49676403
24570,0.49898154
24571,0.50354135
24572,0.4996324
24573,0.50287443
24574,0.5001034
24575,0.5000129
24576,0.50088906
24577,0.50046134
24578,0.5085411
24579,0.49553946
24580,0.5026691
24581,0.5073314
24582,0.49464446
24583,0.5085411
24584,0.50751543
24585,0.5062419
24586,0.5041073
24587,0.49823126
24588,0.49921262
24589,0.5006572
24590,0.50016737
24591,0.49286073
24592,0.5005356
24593,0.49892443
24594,0.50063837
24595,0.5024462
24596,0.5013155
24597,0.49999416
24598,0.5066013
24599,0.49942833
24600,0.49857867
24601,0.4989759
24602,0.5053576
24603,0.4988314
24604,0.49854606
24605,0.49764064
24606,0.5015904
24607,0.4997286
24608,0.49744418
24609,0.5003372
24610,0.50152576
24611,0.50235784
24612,0.49949625
24613,0.5085411
24614,0.5003258
24615,0.5033632
24616,0.5046777
24617,0.49777508
24618,0.49969953
24619,0.5059544
24620,0.49792805
24621,0.49632335
24622,0.49946603
24623,0.50486743
24624,0.50162446
24625,0.5004522
24626,0.5035403
24627,0.49891007
24628,0.49934688
24629,0.5010789
24630,0.5028875
24631,0.49975288
24632,0.5006241
24633,0.5018122
24634,0.49912682
24635,0.50524956
24636,0.50246644
24637,0.49873245
24638,0.49837226
24639,0.507911
24640,0.4943714
24641,0.5032123
24642,0.5043698
24643,0.5015221
24644,0.5047243
24645,0.5025365
24646,0.4991791
24647,0.5000941
24648,0.5015278
24649,0.5005931
24650,0.49944428
24651,0.4994751
24652,0.50223196
24653,0.503812
24654,0.50228536
24655,0.5085411
24656,0.50135684
24657,0.49819386
24658,0.5005964
24659,0.50259924
24660,0.4983063
24661,0.49779913
24662,0.50109315
24663,0.50251585
24664,0.49823302
24665,0.4985648
24666,0.50067794
24667,0.498947
24668,0.50065213
24669,0.4988948
24670,0.50232816
24671,0.49732715
24672,0.5040288
24673,0.50749075
24674,0.4987301
24675,0.49927583
24676,0.4963994
24677,0.50007296
24678,0.49732822
24679,0.49922255
24680,0.49619517
24681,0.49758473
24682,0.49877167
24683,0.49889
24684,0.49794993
24685,0.50030756
24686,0.50959456
24687,0.49695686
24688,0.50644475
24689,0.4984277
24690,0.49695468
24691,0.50301355
24692,0.49842653
24693,0.50222605
24694,0.50438565
24695,0.5003615
24696,0.50357944
24697,0.50049794
24698,0.49800846
24699,0.50112253
24700,0.5002734
24701,0.4987582
24702,0.50100183
24703,0.5000372
24704,0.49850863
24705,0.4987914
24706,0.50259054
24707,0.4965481
24708,0.5094893
24709,0.5004848
24710,0.5092492
24711,0.49875438
24712,0.5021767
24713,0.5049567
24714,0.4946528
24715,0.50010556
24716,0.49853843
24717,0.5055227
24718,0.50431925
24719,0.49912778
24720,0.49833557
24721,0.50316834
24722,0.49789822
24723,0.50329804
24724,0.4993074
24725,0.4994784
24726,0.49975955
24727,0.49917358
24728,0.5005364
24729,0.49771145
24730,0.5064892
24731,0.5018498
24732,0.50235933
24733,0.50144005
24734,0.50480705
24735,0.5051032
24736,0.5051381
24737,0.504053
24738,0.50130475
24739,0.49989012
24740,0.49845508
24741,0.50254285
24742,0.5045915
24743,0.5044783
24744,0.50171125
24745,0.5058577
24746,0.49922326
24747,0.50134933
24748,0.49908698
24749,0.49845472
24750,0.5024325
24751,0.49878
24752,0.50106746
24753,0.4996709
24754,0.502617
24755,0.4972696
24756,0.4992194
24757,0.5030419
24758,0.5004154
24759,0.50141805
24760,0.5012539
24761,0.50176466
24762,0.497866
24763,0.5009578
24764,0.5005427
24765,0.5050027
24766,0.50163347
24767,0.49908805
24768,0.49907973
24769,0.5002932
24770,0.49880397
24771,0.49950054
24772,0.49931198
24773,0.49755108
24774,0.50317514
24775,0.5019188
24776,0.49878505
24777,0.5010481
24778,0.5035466
24779,0.4997286
24780,0.50106543
24781,0.50469977
24782,0.49960572
24783,0.50035787
24784,0.49818733
24785,0.5028162
24786,0.49906322
24787,0.5049049
24788,0.5034582
24789,0.4998645
24790,0.49813315
24791,0.4992891
24792,0.500335
24793,0.4976993
24794,0.5085411
24795,0.50160456
24796,0.50092685
24797,0.50308913
24798,0.499859
24799,0.5047302
24800,0.5012171
24801,0.49669233
24802,0.49902618
24803,0.50372994
24804,0.5085411
24805,0.50026333
24806,0.50033945
24807,0.4992668
24808,0.49636582
24809,0.50010395
24810,0.50062174
24811,0.4985603
24812,0.50361985
24813,0.50176823
24814,0.49605468
24815,0.5004107
24816,0.49716622
24817,0.5031481
24818,0.5075007
24819,0.49997532
24820,0.5019774
24821,0.4998352
24822,0.50311524
24823,0.50548446
24824,0.50211585
24825,0.49965435
24826,0.5001861
24827,0.4992545
24828,0.49859443
24829,0.49906322
24830,0.498727
24831,0.5046796
24832,0.498305
24833,0.50070894
24834,0.49987784
24835,0.5015604
24836,0.49853113
24837,0.49889973
24838,0.50507
24839,0.50264937
24840,0.50200295
24841,0.502943
24842,0.5037462
24843,0.5007617
24844,0.5052341
24845,0.49797842
24846,0.496747
24847,0.50253433
24848,0.50038964
24849,0.5033134
24850,0.498405
24851,0.49844688
24852,0.5047518
24853,0.49924222
24854,0.4966049
24855,0.50525993
24856,0.49808252
24857,0.49972716
24858,0.49853125
24859,0.50068295
24860,0.49720123
24861,0.50432867
24862,0.49822694
24863,0.50062
24864,0.5038399
24865,0.5049202
24866,0.4983861
24867,0.5039323
24868,0.50657105
24869,0.49990442
24870,0.5077005
24871,0.50113726
24872,0.4996712
24873,0.5085411
24874,0.5046807
24875,0.49890164
24876,0.5020275
24877,0.5085411
24878,0.5052004
24879,0.49920827
24880,0.49978253
24881,0.49806452
24882,0.49953482
24883,0.5003566
24884,0.50165457
24885,0.49804577
24886,0.5000793
24887,0.4988957
24888,0.49896443
24889,0.49908033
24890,0.49881643
24891,0.5024143
24892,0.5003056
24893,0.50607836
24894,0.5031151
24895,0.5028618
24896,0.50173354
24897,0.4980985
24898,0.49775794
24899,0.49838766
24900,0.5012977
24901,0.50068533
24902,0.50444365
24903,0.50087386
24904,0.50090736
24905,0.49830353
24906,0.5008195
24907,0.503771
24908,0.5009115
24909,0.49721938
24910,0.50263745
24911,0.5076698
24912,0.5016231
24913,0.5022936
24914,0.50585604
24915,0.5005775
24916,0.49939823
24917,0.49631765
24918,0.5049399
24919,0.5085411
24920,0.49605915
24921,0.50046223
24922,0.49621382
24923,0.5032457
24924,0.49625552
24925,0.5033326
24926,0.4980508
24927,0.49615872
24928,0.4991816
24929,0.50028
24930,0.5085411
24931,0.49928433
24932,0.4991081
24933,0.4987468
24934,0.4977162
24935,0.497853
24936,0.5013884
24937,0.503275
24938,0.5027627
24939,0.5017484
24940,0.500129
24941,0.49736053
24942,0.50391436
24943,0.5048272
24944,0.49912968
24945,0.5008187
24946,0.5016954
24947,0.5002088
24948,0.5009296
24949,0.498883
24950,0.50022686
24951,0.4974545
24952,0.49929374
24953,0.5011466
24954,0.49867234
24955,0.49851966
24956,0.5011155
24957,0.49887434
24958,0.50036204
24959,0.5035239
24960,0.5024078
24961,0.49762782
24962,0.4988596
24963,0.49909025
24964,0.4974769
24965,0.49671546
24966,0.505029
24967,0.49876252
24968,0.49893
24969,0.50333536
24970,0.5031355
24971,0.49726298
24972,0.50161195
24973,0.5003806
24974,0.49948144
24975,0.5085411
24976,0.503139
24977,0.499106
24978,0.5021887
24979,0.4980132
24980,0.49936125
24981,0.49677417
24982,0.5014696
24983,0.5039581
24984,0.5008341
24985,0.49938992
24986,0.50025094
24987,0.49783292
24988,0.49886906
24989,0.50744516
24990,0.5057919
24991,0.4988006
24992,0.5004708
24993,0.5009261
24994,0.5045107
24995,0.49780184
24996,0.4969557
24997,0.4992397
24998,0.5085411
24999,0.50372386
25000,0.5008369
25001,0.50106096
25002,0.5007518
25003,0.50591785
25004,0.5044305
25005,0.5010643
25006,0.49860516
25007,0.50261635
25008,0.4949829
25009,0.4976358
25010,0.50859725
25011,0.49929148
25012,0.49971157
25013,0.5011936
25014,0.502259
25015,0.50295585
25016,0.4969206
25017,0.49897572
25018,0.49840903
25019,0.4987436
25020,0.49678147
25021,0.504724
25022,0.50156254
25023,0.5007243
25024,0.50222653
25025,0.5085411
25026,0.50029653
25027,0.5044041
25028,0.5026769
25029,0.49853945
25030,0.5015031
25031,0.5044754
25032,0.49943873
25033,0.50019675
25034,0.4980048
25035,0.5027456
25036,0.49856937
25037,0.50059026
25038,0.5011268
25039,0.50187355
25040,0.4971001
25041,0.49891767
25042,0.50263697
25043,0.5000708
25044,0.49870807
25045,0.5036474
25046,0.5022233
25047,0.50399166
25048,0.5004961
25049,0.49720913
25050,0.5033903
25051,0.50344145
25052,0.49900788
25053,0.4977055
25054,0.501781
25055,0.50033164
25056,0.5006211
25057,0.5036461
25058,0.4979539
25059,0.5029395
25060,0.4995368
25061,0.5085411
25062,0.5006166
25063,0.50398403
25064,0.5039556
25065,0.5049471
25066,0.50042665
25067,0.5019009
25068,0.5083106
25069,0.50134605
25070,0.5068515
25071,0.50384045
25072,0.4995198
25073,0.4981896
25074,0.5033308
25075,0.5007085
25076,0.50020486
25077,0.5026761
25078,0.4989255
25079,0.4974502
25080,0.5002087
25081,0.5000748
25082,0.498041
25083,0.49764046
25084,0.5026825
25085,0.50009143
25086,0.50959456
25087,0.5024904
25088,0.5028746
25089,0.50080013
25090,0.4996513
25091,0.50023985
25092,0.50248
25093,0.50000244
25094,0.5004945
25095,0.49974087
25096,0.5032634
25097,0.50386786
25098,0.4977781
25099,0.5010482
25100,0.50504464
25101,0.5085411
25102,0.50476897
25103,0.50022846
25104,0.49745432
25105,0.4978485
25106,0.4995466
25107,0.49965972
25108,0.50315547
25109,0.50214237
25110,0.50321865
25111,0.5000321
25112,0.49956253
25113,0.49750507
25114,0.50289226
25115,0.49811864
25116,0.5004095
25117,0.5044549
25118,0.50381106
25119,0.4994615
25120,0.498385
25121,0.5002884
25122,0.49941406
25123,0.5042455
25124,0.5035383
25125,0.50020146
25126,0.4978348
25127,0.50844514
25128,0.49996018
25129,0.49807268
25130,0.5024629
25131,0.50005406
25132,0.4971872
25133,0.4981006
25134,0.50680465
25135,0.5001593
25136,0.49684924
25137,0.5001211
25138,0.50081897
25139,0.50033253
25140,0.4987416
25141,0.49958223
25142,0.49895233
25143,0.5002381
25144,0.5048046
25145,0.5085411
25146,0.50037134
25147,0.49907783
25148,0.4975976
25149,0.5060647
25150,0.5015243
25151,0.49928862
25152,0.5041533
25153,0.5019583
25154,0.49936822
25155,0.49773082
25156,0.49921802
25157,0.4982952
25158,0.5024434
25159,0.49734232
25160,0.4989497
25161,0.505077
25162,0.49662477
25163,0.4993117
25164,0.49897724
25165,0.49893963
25166,0.5019802
25167,0.49668533
25168,0.49944854
25169,0.5027355
25170,0.5012973
25171,0.49816284
25172,0.50126356
25173,0.4997991
25174,0.50406796
25175,0.5010487
25176,0.49978623
25177,0.5085411
25178,0.4998495
25179,0.5032152
25180,0.5085411
25181,0.49760056
25182,0.4992255
25183,0.49944967
25184,0.5012357
25185,0.5027259
25186,0.50527436
25187,0.5040001
25188,0.50312877
25189,0.49866468
25190,0.500159
25191,0.5085411
25192,0.50266
25193,0.5021062
25194,0.5010894
25195,0.5086715
25196,0.49980447
25197,0.50463134
25198,0.5000853
25199,0.5037891
25200,0.5038736
25201,0.50216293
25202,0.50959456
25203,0.4988753
25204,0.50099826
25205,0.50464356
25206,0.49905872
25207,0.49945664
25208,0.5056992
25209,0.49965775
25210,0.4976459
25211,0.4988211
25212,0.5069846
25213,0.5085411
25214,0.5085411
25215,0.50000423
25216,0.49862394
25217,0.50540066
25218,0.49924174
25219,0.49907747
25220,0.49917975
25221,0.50310606
25222,0.50140816
25223,0.50230086
25224,0.49963865
25225,0.49780276
25226,0.5085411
25227,0.49933285
25228,0.49843338
25229,0.50344086
25230,0.5002875
25231,0.50163144
25232,0.4968535
25233,0.4997829
25234,0.5035698
25235,0.50209457
25236,0.5010839
25237,0.50392735
25238,0.5074582
25239,0.5085411
25240,0.5085411
25241,0.49804637
25242,0.49925083
25243,0.5036112
25244,0.49809533
25245,0.49676046
25246,0.5031653
25247,0.5001646
25248,0.50079894
25249,0.49772054
25250,0.5012338
25251,0.5022233
25252,0.5031925
25253,0.5024165
25254,0.49910486
25255,0.5042672
25256,0.50179666
25257,0.4974354
25258,0.50248545
25259,0.49989036
25260,0.49911845
25261,0.5000998
25262,0.50246394
25263,0.50123596
25264,0.4974681
25265,0.49801555
25266,0.5068526
25267,0.5014395
25268,0.49659947
25269,0.5048643
25270,0.5047538
25271,0.49994195
25272,0.50959456
25273,0.5083482
25274,0.49724355
25275,0.50503075
25276,0.49680758
25277,0.504552
25278,0.4987848
25279,0.49874765
25280,0.50173295
25281,0.50213206
25282,0.5057065
25283,0.50959456
25284,0.50381523
25285,0.50037664
25286,0.5022699
25287,0.49960762
25288,0.50374454
25289,0.501199
25290,0.49898112
25291,0.5004759
25292,0.49813303
25293,0.5014236
25294,0.49824363
25295,0.4994226
25296,0.50363714
25297,0.49593303
25298,0.5062851
25299,0.50069326
25300,0.49932322
25301,0.50432104
25302,0.49981302
25303,0.500082
25304,0.49637398
25305,0.49891338
25306,0.5085411
25307,0.50033617
25308,0.5008003
25309,0.49879307
25310,0.4998978
25311,0.5071155
25312,0.49963644
25313,0.5085411
25314,0.5044849
25315,0.50155115
25316,0.4990625
25317,0.50453496
25318,0.5043349
25319,0.50080204
25320,0.49749026
25321,0.50322944
25322,0.49923906
25323,0.5038388
25324,0.49857062
25325,0.4991688
25326,0.49941096
25327,0.49913794
25328,0.49968
25329,0.5041319
25330,0.5048194
25331,0.49965048
25332,0.49917597
25333,0.4981779
25334,0.5022467
25335,0.5034308
25336,0.5011102
25337,0.5029676
25338,0.4983615
25339,0.5020053
25340,0.50027174
25341,0.50136167
25342,0.49929184
25343,0.49881703
25344,0.5033071
25345,0.5050708
25346,0.498116
25347,0.49797702
25348,0.4978016
25349,0.4990985
25350,0.5043572
25351,0.5030655
25352,0.49834847
25353,0.5028916
25354,0.50181735
25355,0.5082071
25356,0.49843433
25357,0.49858105
25358,0.50116014
25359,0.49983346
25360,0.50959456
25361,0.5085411
25362,0.49985376
25363,0.50959456
25364,0.49965137
25365,0.49868882
25366,0.49960443
25367,0.50267094
25368,0.499398
25369,0.50023973
25370,0.5064322
25371,0.50271016
25372,0.4987347
25373,0.50357217
25374,0.5031128
25375,0.49967262
25376,0.50044245
25377,0.5067593
25378,0.5023998
25379,0.50077647
25380,0.5036118
25381,0.49814698
25382,0.50476336
25383,0.49722043
25384,0.50084484
25385,0.5008143
25386,0.50038666
25387,0.5049315
25388,0.497449
25389,0.4974555
25390,0.49870297
25391,0.4978743
25392,0.49845305
25393,0.50396556
25394,0.49773774
25395,0.49916252
25396,0.50589633
25397,0.49704054
25398,0.5005884
25399,0.49832767
25400,0.50335974
25401,0.49802253
25402,0.5028523
25403,0.5054126
25404,0.50035363
25405,0.5017893
25406,0.5029496
25407,0.49984044
25408,0.50560105
25409,0.5020991
25410,0.5022987
25411,0.4992925
25412,0.50130194
25413,0.5031515
25414,0.5006867
25415,0.50884193
25416,0.501575
25417,0.4981967
25418,0.5000625
25419,0.49762487
25420,0.49735776
25421,0.50044525
25422,0.50033224
25423,0.4958115
25424,0.49877647
25425,0.49943987
25426,0.5033194
25427,0.4995264
25428,0.5036777
25429,0.50289303
25430,0.49850947
25431,0.5009618
25432,0.49913213
25433,0.5042677
25434,0.49856585
25435,0.5011503
25436,0.5056884
25437,0.50959456
25438,0.50083524
25439,0.4994018
25440,0.50320286
25441,0.50163484
25442,0.5013549
25443,0.4990434
25444,0.49935627
25445,0.50959456
25446,0.5029943
25447,0.5085411
25448,0.4960721
25449,0.49957412
25450,0.49800232
25451,0.5038443
25452,0.499619
25453,0.50445735
25454,0.50045604
25455,0.49920887
25456,0.49919116
25457,0.5010217
25458,0.50577
25459,0.50162303
25460,0.49838033
25461,0.5036461
25462,0.499039
25463,0.5007533
25464,0.5035337
25465,0.5002495
25466,0.5085411
25467,0.4985545
25468,0.5056904
25469,0.4995534
25470,0.5018321
25471,0.5020706
25472,0.49989346
25473,0.5003071
25474,0.5050064
25475,0.5061219
25476,0.4990427
25477,0.5068724
25478,0.49843386
25479,0.498515
25480,0.4997249
25481,0.5008301
25482,0.4997886
25483,0.49910277
25484,0.49701658
25485,0.50959456
25486,0.50263745
25487,0.50429547
25488,0.4996515
25489,0.49754253
25490,0.5051408
25491,0.5000011
25492,0.5089143
25493,0.49868163
25494,0.4994858
25495,0.50528944
25496,0.5085411
25497,0.5011346
25498,0.5006372
25499,0.5085411
25500,0.5001507
25501,0.49828961
25502,0.5021438
25503,0.50991684
25504,0.49867216
25505,0.5050562
25506,0.50603706
25507,0.501481
25508,0.49987873
25509,0.49928534
25510,0.5085411
25511,0.5028081
25512,0.5038057
25513,0.4957301
25514,0.5014744
25515,0.5018863
25516,0.49950436
25517,0.49924517
25518,0.5008192
25519,0.49845162
25520,0.50232184
25521,0.49980855
25522,0.50089294
25523,0.49818233
25524,0.5014983
25525,0.5006044
25526,0.5008572
25527,0.49935162
25528,0.50190645
25529,0.5024056
25530,0.49662152
25531,0.49726665
25532,0.5033156
25533,0.49974918
25534,0.5018653
25535,0.5036911
25536,0.5012831
25537,0.4958412
25538,0.50165343
25539,0.4974384
25540,0.49740788
25541,0.5039905
25542,0.49756673
25543,0.5028405
25544,0.5038691
25545,0.49983805
25546,0.50455666
25547,0.5021617
25548,0.5004765
25549,0.50296116
25550,0.49829128
25551,0.50177324
25552,0.50184864
25553,0.50021064
25554,0.49726877
25555,0.49825683
25556,0.5062642
25557,0.498646
25558,0.5000742
25559,0.50238806
25560,0.5007354
25561,0.5078471
25562,0.49991015
25563,0.49566782
25564,0.4994802
25565,0.5027838
25566,0.5023108
25567,0.49769598
25568,0.4999485
25569,0.50281465
25570,0.49983984
25571,0.5009909
25572,0.50034654
25573,0.50095576
25574,0.49877575
25575,0.5026073
25576,0.49985918
25577,0.49893868
25578,0.4965665
25579,0.5012609
25580,0.5014389
25581,0.5001229
25582,0.5009236
25583,0.4969592
25584,0.5058349
25585,0.49717247
25586,0.5012323
25587,0.5108111
25588,0.4995027
25589,0.499908
25590,0.50018847
25591,0.50295204
25592,0.5022846
25593,0.49871668
25594,0.499204
25595,0.49662742
25596,0.4987627
25597,0.5079874
25598,0.50762445
25599,0.5049092
25600,0.5003324
25601,0.5034474
25602,0.4979796
25603,0.4987449
25604,0.49949518
25605,0.49783257
25606,0.50170076
25607,0.4974768
25608,0.50714403
25609,0.50959456
25610,0.4982399
25611,0.5013424
25612,0.4952268
25613,0.49839678
25614,0.50299716
25615,0.49783018
25616,0.5003899
25617,0.5030944
25618,0.50288624
25619,0.49812368
25620,0.50097096
25621,0.49823633
25622,0.50810105
25623,0.5058409
25624,0.50355786
25625,0.500359
25626,0.5062509
25627,0.5037725
25628,0.49764213
25629,0.50368714
25630,0.50959456
25631,0.5014546
25632,0.50834256
25633,0.5028831
25634,0.50385594
25635,0.5034582
25636,0.49921504
25637,0.49605644
25638,0.5011721
25639,0.5085411
25640,0.5021595
25641,0.50120354
25642,0.5009168
25643,0.498534
25644,0.49840343
25645,0.5085411
25646,0.50562286
25647,0.49923596
25648,0.49911627
25649,0.50249416
25650,0.5049653
25651,0.49937198
25652,0.5020376
25653,0.49903437
25654,0.49759418
25655,0.5043273
25656,0.5068295
25657,0.4979614
25658,0.50388515
25659,0.49871242
25660,0.49791795
25661,0.49969095
25662,0.5030378
25663,0.5059597
25664,0.50591284
25665,0.50325394
25666,0.4955822
25667,0.49688423
25668,0.4997904
25669,0.49916753
25670,0.49712354
25671,0.49791625
25672,0.502945
25673,0.49958834
25674,0.50015646
25675,0.49896976
25676,0.49844122
25677,0.50146323
25678,0.5030996
25679,0.5034661
25680,0.4993213
25681,0.50440377
25682,0.49926382
25683,0.5008874
25684,0.49716705
25685,0.49904743
25686,0.50959456
25687,0.4982406
25688,0.49975568
25689,0.5017881
25690,0.4969647
25691,0.4986536
25692,0.49881965
25693,0.4986844
25694,0.50125724
25695,0.5056973
25696,0.49942964
25697,0.5027629
25698,0.4982051
25699,0.5031369
25700,0.49863926
25701,0.49899232
25702,0.50286585
25703,0.49854845
25704,0.49874124
25705,0.49910253
25706,0.50227004
25707,0.50200975
25708,0.502474
25709,0.4969531
25710,0.49815598
25711,0.50270545
25712,0.50274175
25713,0.498879
25714,0.50263745
25715,0.50238794
25716,0.5002785
25717,0.5075383
25718,0.50536007
25719,0.4973119
25720,0.501229
25721,0.5001058
25722,0.5002831
25723,0.49908027
25724,0.5085411
25725,0.5003697
25726,0.5026129
25727,0.5002192
25728,0.49970478
25729,0.5017896
25730,0.5095207
25731,0.50249434
25732,0.5000797
25733,0.50380504
25734,0.50242066
25735,0.50146586
25736,0.50040686
25737,0.50106215
25738,0.4976961
25739,0.5028773
25740,0.49889857
25741,0.5006732
25742,0.5003479
25743,0.5056459
25744,0.4997015
25745,0.4999801
25746,0.49591485
25747,0.49911737
25748,0.50271964
25749,0.49840632
25750,0.4985008
25751,0.5035431
25752,0.5062094
25753,0.50439364
25754,0.5040892
25755,0.5085411
25756,0.50427866
25757,0.5000045
25758,0.49940163
25759,0.49818996
25760,0.49681193
25761,0.5085411
25762,0.5029516
25763,0.5085411
25764,0.5018475
25765,0.5005202
25766,0.4963678
25767,0.5029698
25768,0.50959456
25769,0.5058184
25770,0.50344896
25771,0.49710295
25772,0.4994278
25773,0.5003286
25774,0.49836007
25775,0.49863937
25776,0.49986187
25777,0.49975884
25778,0.49813053
25779,0.49884787
25780,0.4992948
25781,0.49885488
25782,0.5067051
25783,0.50326705
25784,0.4986473
25785,0.4985999
25786,0.4965609
25787,0.5005979
25788,0.50127816
25789,0.5054635
25790,0.500353
25791,0.49949518
25792,0.49898914
25793,0.5019364
25794,0.49744442
25795,0.50069755
25796,0.5060728
25797,0.5038796
25798,0.5021943
25799,0.50390327
25800,0.5017526
25801,0.5001338
25802,0.5028559
25803,0.5011205
25804,0.49752706
25805,0.49991122
25806,0.50166345
25807,0.50353354
25808,0.5039153
25809,0.4985738
25810,0.4991648
25811,0.50083727
25812,0.50608456
25813,0.49723318
25814,0.49973944
25815,0.50414395
25816,0.496502
25817,0.50111556
25818,0.5075377
25819,0.50425446
25820,0.49931514
25821,0.49893856
25822,0.50959456
25823,0.4972321
25824,0.5006837
25825,0.4968011
25826,0.49806073
25827,0.49889797
25828,0.50079554
25829,0.5016019
25830,0.49955124
25831,0.49863902
25832,0.49698254
25833,0.49706912
25834,0.49954975
25835,0.5005683
25836,0.50354576
25837,0.5011176
25838,0.49804017
25839,0.49897155
25840,0.5039223
25841,0.49820414
25842,0.50105405
25843,0.5041538
25844,0.5003668
25845,0.50102246
25846,0.500777
25847,0.4970479
25848,0.49800706
25849,0.50207746
25850,0.50138193
25851,0.4991336
25852,0.5010672
25853,0.50469166
25854,0.49785104
25855,0.49997234
25856,0.4974128
25857,0.4977958
25858,0.5017884
25859,0.4981839
25860,0.4996062
25861,0.5083482
25862,0.50064284
25863,0.50824535
25864,0.49848855
25865,0.49854276
25866,0.5085411
25867,0.5039092
25868,0.49803448
25869,0.5022421
25870,0.4989217
25871,0.5041161
25872,0.49773285
25873,0.5013939
25874,0.5051636
25875,0.5029334
25876,0.49875534
25877,0.4988871
25878,0.4992753
25879,0.50251347
25880,0.49961644
25881,0.4957717
25882,0.499885
25883,0.4982889
25884,0.50375307
25885,0.49951968
25886,0.50268465
25887,0.5014174
25888,0.5004608
25889,0.5044926
25890,0.50959456
25891,0.50035554
25892,0.50035065
25893,0.5017141
25894,0.4977241
25895,0.5012159
25896,0.5035155
25897,0.49699384
25898,0.5022352
25899,0.49718803
25900,0.5038326
25901,0.4984672
25902,0.49956182
25903,0.5005448
25904,0.49770057
25905,0.50410026
25906,0.4995968
25907,0.49881905
25908,0.5033625
25909,0.50959456
25910,0.4994627
25911,0.49818918
25912,0.5016121
25913,0.49905112
25914,0.50208384
25915,0.5032078
25916,0.50112045
25917,0.5042732
25918,0.5014731
25919,0.5000953
25920,0.4996371
25921,0.50402576
25922,0.50029176
25923,0.5006976
25924,0.49914116
25925,0.49885175
25926,0.49893814
25927,0.49801853
25928,0.501289
25929,0.50319135
25930,0.4996631
25931,0.49908578
25932,0.49795538
25933,0.49967512
25934,0.50244373
25935,0.5019431
25936,0.5042547
25937,0.5021979
25938,0.5017718
25939,0.49918023
25940,0.49802774
25941,0.50598675
25942,0.4992273
25943,0.5003702
25944,0.50584054
25945,0.5063132
25946,0.49778664
25947,0.5022987
25948,0.4995836
25949,0.49788398
25950,0.4994444
25951,0.50959456
25952,0.5031637
25953,0.49694273
25954,0.5003362
25955,0.49835545
25956,0.5008405
25957,0.50123703
25958,0.5034511
25959,0.5032763
25960,0.49877575
25961,0.5047607
25962,0.50174034
25963,0.501647
25964,0.4993772
25965,0.49657342
25966,0.49698225
25967,0.5042201
25968,0.50048214
25969,0.49847734
25970,0.5009948
25971,0.5011143
25972,0.5035284
25973,0.50137496
25974,0.5089143
25975,0.5002871
25976,0.49537975
25977,0.4994726
25978,0.49959305
25979,0.49976718
25980,0.4981588
25981,0.5019258
25982,0.5007242
25983,0.49673152
25984,0.4968243
25985,0.49751225
25986,0.50001603
25987,0.49807304
25988,0.4990247
25989,0.49738854
25990,0.50107247
25991,0.49818534
25992,0.5031663
25993,0.49856427
25994,0.49949256
25995,0.4992375
25996,0.49765512
25997,0.49812278
25998,0.49823812
25999,0.50165415
